"DateActual","SawSqFt","WJLinFt","WJSqFt","CutSqFt","CommanduliLinFt","CommanduliSqFt","LCRLinFt","LCRSqFt","SpeedSqFt","MaximaSqFt","ConceptSqFt","ResurfaceSqFt","RegFabSqFt","RegFabLinFt","HWSqFt","MiterSqFt","MiterLinFt","TotalSqFt","AvgSqFt","Notes"
"4/1/2019 2:16:30 PM","187.6","53.7","85.6","273.2","42","95.7","58.3","62.4","161.1","117.8","102.3","333.2","422.1","357.5","0","109.7","172.1","531.8","",""
"4/2/2019","675.9","90.6","50.3","726.1999999999999","12.4","16.2","127","105.4","118.5","48","154.9","230.2","427.4","378.6","0","2.5","0","429.9","",""
"4/3/2019 12:00:16 AM","378","126.2","111.6","489.6","11","7.9","175.4","167.5","95.6","97.1","81.7","0","324.1","297.2","13.1","52.1","133.7","376.2","",""
"4/4/2019 12:00:19 AM","120.7","30","56.5","177.2","94.7","113.7","61.4","52.9","278.4","114.4","55.8","0","357.1","308.1","15.9","24.900000000000002","21.5","382","",""
"4/5/2019 12:00:15 AM","397.7","113.5","148.4","546.1","69.6","69.2","109.3","115.9","146.5","126.1","38.1","0","389","340.9","40.2","188.1","107.9","577.1","459.40000000000003",""
"4/6/2019 12:00:14 AM","0","0","0","0","0","0","0","0","107.3","136.2","77.3","0","0","0","0","0","0","0","",""
"4/7/2019 12:00:28 AM","0","0","0","0","0","0","0","0","0","0","0","0","0","0","0","0","0","0","",""
"4/8/2019 12:00:25 AM","178.1","0","0","178.1","0","0","9.8","16.8","139.3","55.6","79.9","0","94.3","131.2","94.3","0","0","94.3","",""
"4/9/2019 12:00:21 AM","472.2","0","27.8","500","101.6","188.6","9.5","114.3","173","48","27.8","198.9","399.5","190.3","399.5","0","0","399.5","",""
"4/10/2019 12:00:13 AM","400.7","0","0","400.7","79.3","93.1","94.4","99.3","241.1","164.3","0","221.5","499","65","499","0","0","499","",""
"4/11/2019 12:00:28 AM","429.79999999999995","0","14","443.79999999999995","0","0","187.1","275.5","0","0","62.099999999999994","256.8","383.6","257","383.6","31.7","0","415.3","",""
"4/13/2019 12:00:38 AM","0","0","0","0","0","0","0","0","0","0","0","0","0","0","0","0","0","0","",""
"4/14/2019 12:00:03 AM","0","0","0","0","0","0","0","0","0","0","0","0","0","0","0","0","0","0","",""
"4/15/2019","481.7","0","0","481.7","2.9","36.5","82.5","217.3","346.9","46.2","104.8","48.2","335.1","335.1","335.1","57.1","30.3","392.2","",""
"4/16/2019","437","0","0","437","63","70.1","55.1","128","245.1","23.3","87.3","281.4","0","0","0","279.3","19","279.3","",""
"4/17/2019 12:00:22 AM","471","0","0","471","0","0","63.2","296","0","7","0","0","130.3","85","130.3","90.9","72.6","221.2","",""
"4/18/2019 12:00:16 AM","335.7","0","0","335.7","26.7","37.2","28.9","93.7","42.6","208.6","0","114","165.3","166","165.3","41.4","8.5","206.7","",""
"4/19/2019 12:00:27 AM","460","0","54.6","514.6","18.4","19.1","195.3","176.8","0","120.3","0","0","480.7","303.1","480.7","0","0","480.7","316.02000000000004",""
"4/20/2019 12:00:19 AM","0","0","0","0","0","0","0","0","0","0","0","0","0","0","0","0","0","0","",""
"4/21/2019 12:00:23 AM","0","0","0","0","0","0","0","0","0","0","0","0","0","0","0","0","0","0","",""
"4/22/2019 12:00:21 AM","334.1","0","43.9","378","36.9","53.2","154.2","309.7","100.8","53.8","112.4","140","416.5","379.3","416.5","30.1","8.5","446.6","",""
"4/23/2019 12:00:12 AM","342.9","0","99","441.9","59","94.7","156.1","247.3","195.3","78.5","20.6","0","471.8","440.6","365.9","105.9","91.6","577.7","",""
"4/24/2019 12:00:16 AM","222.3","0","0","222.3","8.4","73.3","10.8","207.3","75.8","144.5","77.5","0","371.8","426","402.1","0","0","371.8","",""
"4/25/2019","31.9","0","0","31.9","0","0","0","0","142.1","12.4","0","0","354.8","442.5","354.8","0","0","354.8","",""
"4/26/2019","380.4","0","58.3","438.7","0","0","43.4","59.4","143.8","173.1","126.1","109.7","545.8","390.2","307","41.5","60.9","587.3","467.64",""
"4/27/2019","0","0","0","0","0","0","0","0","0","0","0","0","0","0","0","0","0","0","",""
"4/28/2019","0","0","0","0","0","0","0","0","0","0","0","0","0","0","0","0","0","0","",""
"4/29/2019","88.1","0","116.3","204.39999999999998","35.3","31.3","252.8","383.3","176.1","74.5","112.9","0","398.6","365.17","398.6","116.3","120.6","514.9","",""
"4/30/2019 12:00:20 AM","121.9","0","75.1","197","0","0","56.6","142","231.7","134","85.7","0","159.2","154.1","159.2","0","0","159.2","",""
"4/12/2019","153.4","0","0","153.4","23.9","25.8","187.4","116.3","110.9","135.4","96.3","116","216.8","169.7","0","0","0","216.8","324.98",""
"5/1/2019 12:00:26 AM","384.2000000000001","0","0","384.2000000000001","0","0","58.6","129.4","0","101.5","67","0","291.40000000000003","208.59999999999997","291.40000000000003","176.5","0","467.9","",""
"5/2/2019 12:00:07 AM","389.59999999999997","145.3","212.9","602.5","27.4","45.5","74.8","164.6","89.3","0","36.2","0","94.4","109.5","94.4","116.3","120.6","210.7","",""
"5/3/2019 12:00:30 AM","238.5","0","51.099999999999994","289.6","42","170.40000000000003","112.89999999999999","149.20000000000002","141.8","0","480.6","61.2","395.20000000000005","303.4","395.20000000000005","0","0","395.2","349.58000000000004",""
"5/4/2019 12:00:09 AM","0","0","0","0","0","0","0","0","0","0","0","0","0","0","0","0","0","0","",""
"5/5/2019 12:00:15 AM","0","0","0","0","0","0","0","0","0","0","0","0","0","0","0","0","0","0","",""
"5/6/2019 12:00:15 AM","397.3","0","58.4","455.7","36.5","34.4","81.1","176.3","0","24.2","147.1","0","251.2","192.1","251.2","0","0","251.2","",""
"5/7/2019 12:00:15 AM","659.9","0","0","659.9","86.7","189.20000000000002","155.5","226.3","161.6","23.9","125.49999999999999","0","34.4","36.5","34.4","44.3","0","78.7","",""
"5/8/2019 12:00:06 AM","409.40000000000003","0","137.7","547.1","0","0","","708.2","103","0","280.7","0","261","207.29999999999998","261","168.9","292.9","429.9","",""
"5/9/2019 12:00:09 AM","170.10000000000005","0","186","356.1","38.8","43.4","188.20000000000002","207.3","0","0","188.7","1053","274.3","236.5","2311.5","168.9","35.6","443.2","",""
"5/10/2019 12:00:12 AM","310.90000000000003","0","0","310.90000000000003","8.9","8","115.3","173.1","0","34.3","576.5999999999999","0","70.1","4.9","70.1","11","0","81.1","256.82",""
"5/11/2019 12:00:29 AM","0","0","0","0","0","0","0","0","0","0","0","0","0","0","0","0","0","0","",""
"5/12/2019 12:00:16 AM","0","0","0","0","0","0","0","0","0","0","0","0","0","0","0","0","0","0","",""
"5/13/2019 12:00:07 AM","213.49999999999997","0","84.5","298","0","0","73.6","68.6","0","20.2","108.89999999999999","63.3","392.7","201","356","0","0","392.7","",""
"5/14/2019 12:00:15 AM","216.79999999999998","0","0","216.79999999999998","150.8","120.1","57.599999999999994","228","38.6","0","166.5","55.5","678","368.59999999999997","807.2999999999998","288.6","334.9","966.6","",""
"5/15/2019 12:00:01 AM","264.3","0","0","264.3","0","0","28.3","234.3","0","0","167.5","0","484.5","319.9","484.5","70.9","15.6","555.4","",""
"5/16/2019 12:00:22 AM","386.79999999999995","0","0","386.79999999999995","7.4","11","158.7","137.7","0","0","163.7","0","332.20000000000005","250.79999999999998","332.20000000000005","0","0","332.2","",""
"5/17/2019 12:00:18 AM","273.4","0","0","273.4","92.4","46.7","139.9","108","0","0","202.39999999999998","0","334.20000000000005","178.9","334.20000000000005","21.63","50.2","355.8","520.54",""
"5/18/2019 12:00:18 AM","151","0","0","151","0","0","0","0","0","0","0","0","0","0","0","46.7","0","46.7","",""
"5/19/2019 12:00:10 AM","0","0","0","0","0","0","0","0","0","0","0","0","0","0","0","0","0","0","",""
"5/20/2019 12:00:14 AM","38.9","0","0","38.9","0","0","45.4","38.9","0","0","42","0","5.4","8.9","5.4","0","0","5.4","",""
"5/28/2019","0","0","0","0","0","0","0","0","0","0","16","0","0","0","0","0","0","0","",""
