"fab_id","draft_duration","start_time","end_time","drafter","new_start_time","new_end_time","session_start_time","state","active_session","session_start_temp","intermediary","new_duration","session_duration","old_duration","test","display_end_time"
"12325","0","6/15/2024 3:07:01 PM","6/15/2024 3:07:01 PM","11","","","","","0","","","","0","0","","6/15/2024 3:07:01 PM"
"12352","0","6/15/2024 3:07:16 PM","6/15/2024 3:07:16 PM","11","","","","","0","","","","0","0","","6/15/2024 3:07:16 PM"
"12356","0","6/15/2024 3:07:25 PM","6/15/2024 3:07:25 PM","11","","","","","0","","","","0","0","","6/15/2024 3:07:25 PM"
"12164","0","6/15/2024 3:07:32 PM","6/15/2024 3:07:32 PM","6","","","","","0","","","","0","0","","6/15/2024 3:07:32 PM"
"12361","0","6/21/2024 11:04:14 AM","6/21/2024 11:04:14 AM","6","","","","","0","","","","0","0","","6/21/2024 11:04:14 AM"
"12380","56","6/24/2024 1:59:25 PM","6/24/2024 2:55:25 PM","6","","","","","0","","","","56","56","","6/24/2024 2:55:25 PM"
"12357","50","6/24/2024 2:55:52 PM","6/24/2024 3:45:52 PM","6","","","","","0","","","","50","50","","6/24/2024 3:45:52 PM"
"12401","67","6/25/2024 8:38:01 AM","6/25/2024 9:45:01 AM","6","","","","","0","","","","67","67","","6/25/2024 9:45:01 AM"
"11879","37","6/26/2024 8:28:00 AM","6/26/2024 9:05:00 AM","11","","","","","0","","","","37","37","","6/26/2024 9:05:00 AM"
"12383","9","6/26/2024 8:33:36 AM","6/26/2024 8:42:36 AM","6","","","","","0","","","","9","9","","6/26/2024 8:42:36 AM"
"12408","16","6/26/2024 3:44:06 PM","6/26/2024 4:00:06 PM","11","","","","","0","","","","16","16","","6/26/2024 4:00:06 PM"
"12340","20","6/27/2024 8:24:14 AM","6/27/2024 8:44:14 AM","11","","","","","0","","","","20","20","","6/27/2024 8:44:14 AM"
"12407","6","6/27/2024 11:49:18 AM","6/27/2024 11:55:18 AM","6","","","","","0","","","","6","6","","6/27/2024 11:55:18 AM"
"12411","","6/27/2024 3:42:28 PM","","11","","","","","0","","","","0","","",""
"12413","54","7/1/2024 8:03:53 AM","7/1/2024 8:57:53 AM","11","","","","","0","","","","54","54","","7/1/2024 8:57:53 AM"
"12417","58","7/1/2024 9:01:32 AM","7/1/2024 9:59:32 AM","11","","","","","0","","","","58","58","","7/1/2024 9:59:32 AM"
"12418","49","7/1/2024 9:59:28 AM","7/1/2024 10:48:28 AM","11","","","","","0","","","","49","49","","7/1/2024 10:48:28 AM"
"12416","","7/1/2024 11:00:14 AM","","6","","","","","0","","","","0","","",""
"12343","136","7/1/2024 11:31:36 AM","7/1/2024 1:47:36 PM","11","","","","","0","","","","136","136","","7/1/2024 1:47:36 PM"
"12341","71","7/1/2024 2:32:06 PM","7/1/2024 3:43:06 PM","11","","","","","0","","","","71","71","","7/1/2024 3:43:06 PM"
"12420","154","7/2/2024 7:59:23 AM","7/2/2024 10:33:23 AM","11","","","","","0","","","","154","154","","7/2/2024 10:33:23 AM"
"12355","31","7/2/2024 10:02:30 AM","7/2/2024 10:33:30 AM","10","","","","","0","","","","31","31","","7/2/2024 10:33:30 AM"
"12181","65","7/2/2024 10:34:54 AM","7/2/2024 11:39:54 AM","11","","","","","0","","","","65","65","","7/2/2024 11:39:54 AM"
"12432","18","7/2/2024 11:25:38 AM","7/2/2024 11:43:38 AM","10","","","","","0","","","","18","18","","7/2/2024 11:43:38 AM"
"12425","42","7/2/2024 12:52:09 PM","7/2/2024 1:34:09 PM","10","","","","","0","","","","42","42","","7/2/2024 1:34:09 PM"
"12287","","7/3/2024 9:06:45 AM","","6","","","","","0","","","","0","","",""
"12427","","7/8/2024 10:14:58 AM","","6","","","","","0","","","","0","","",""
"12303","54","7/9/2024 11:35:21 AM","7/9/2024 12:29:21 PM","11","","","","","0","","","","54","54","","7/9/2024 12:29:21 PM"
"12302","24","7/9/2024 12:27:38 PM","7/9/2024 12:51:38 PM","10","","","","","0","","","","24","24","","7/9/2024 12:51:38 PM"
"12429","67","7/9/2024 2:44:12 PM","7/9/2024 3:51:12 PM","11","","","","","0","","","","67","67","","7/9/2024 3:51:12 PM"
"12466","150","7/10/2024 10:14:58 AM","7/10/2024 12:44:58 PM","11","","","","","0","","","","150","150","","7/10/2024 12:44:58 PM"
"12478","106","7/11/2024 12:56:43 PM","7/11/2024 2:42:43 PM","6","","","","","0","","","","106","106","","7/11/2024 2:42:43 PM"
"12477","8","7/11/2024 3:01:00 PM","7/11/2024 3:09:00 PM","11","","","","","0","","","","8","8","","7/11/2024 3:09:00 PM"
"12490","62","7/12/2024 8:41:21 AM","7/12/2024 9:43:21 AM","11","","","","","0","","","","62","62","","7/12/2024 9:43:21 AM"
"12445","87","7/12/2024 8:54:37 AM","7/12/2024 10:21:37 AM","11","","","","","0","","","","87","87","","7/12/2024 10:21:37 AM"
"12489","83","7/12/2024 12:43:10 PM","7/12/2024 2:06:10 PM","11","","","","","0","","","","83","83","","7/12/2024 2:06:10 PM"
"12499","92","7/15/2024 8:25:30 AM","7/15/2024 9:57:30 AM","11","","","","","0","","","","92","92","","7/15/2024 9:57:30 AM"
"12504","11","7/15/2024 4:45:20 PM","7/15/2024 4:56:20 PM","10","","","","","0","","","","11","11","","7/15/2024 4:56:20 PM"
"12501","89","7/17/2024 8:28:39 AM","7/17/2024 9:57:39 AM","11","","","","","0","","","","89","89","","7/17/2024 9:57:39 AM"
"12514","48","7/18/2024 9:12:21 AM","7/18/2024 10:00:21 AM","","","","","","0","","","","48","48","","7/18/2024 10:00:21 AM"
"12264","158","7/18/2024 10:56:48 AM","7/18/2024 1:34:48 PM","11","","","","","0","","","","158","158","","7/18/2024 1:34:48 PM"
"12503","","7/19/2024 9:01:31 AM","","11","","","","","0","","","","0","","",""
"12071","68","7/19/2024 10:07:47 AM","7/19/2024 11:15:47 AM","11","","","","","0","","","","68","68","","7/19/2024 11:15:47 AM"
"12439","51","7/22/2024 10:42:18 AM","7/22/2024 11:33:18 AM","11","","","","","0","","","","51","51","","7/22/2024 11:33:18 AM"
"12534","8558","7/23/2024 1:02:02 PM","7/29/2024 11:40:02 AM","11","","","","","0","","","","8558","8558","","7/29/2024 11:40:02 AM"
"11205","12985","7/23/2024 2:11:12 PM","8/1/2024 2:36:12 PM","11","","","","","0","","","","12985","12985","","8/1/2024 2:36:12 PM"
"12442","85","7/25/2024 10:19:15 AM","7/25/2024 11:44:15 AM","11","","","","","0","","","","85","85","","7/25/2024 11:44:15 AM"
"12291","100","7/25/2024 1:15:56 PM","7/25/2024 2:55:56 PM","11","","","","","0","","","","100","100","","7/25/2024 2:55:56 PM"
"12288","105","7/26/2024 8:11:58 AM","7/26/2024 9:56:58 AM","11","","","","","0","","","","105","105","","7/26/2024 9:56:58 AM"
"12546","40","7/26/2024 9:57:00 AM","7/26/2024 10:37:00 AM","11","","","","","0","","","","40","40","","7/26/2024 10:37:00 AM"
"12548","","7/26/2024 10:39:22 AM","","11","","","","","0","","","","0","","",""
"12389","186","7/26/2024 11:42:14 AM","7/26/2024 2:48:14 PM","11","","","","","0","","","","186","186","","7/26/2024 2:48:14 PM"
"12934","4","10/8/2024 2:43:31 PM","10/8/2024 2:47:31 PM","6","","","","","0","","","","4","4","","10/8/2024 2:47:31 PM"
"12600","","10/9/2024 8:22:35 AM","","4","","","","","0","","","","0","","",""
"12855","","10/10/2024 3:42:51 PM","","6","","","","","0","","","","0","","",""
"12935","","10/10/2024 3:59:59 PM","","6","","","","","0","","","","0","","",""
"12562","30","10/11/2024 10:23:02 AM","10/11/2024 10:53:02 AM","6","","","","","0","","","","30","30","","10/11/2024 10:53:02 AM"
"12564","22","10/11/2024 10:53:39 AM","10/11/2024 11:15:39 AM","4","","","","","0","","","","22","22","","10/11/2024 11:15:39 AM"
"12960","","10/11/2024 11:16:03 AM","","6","","","","","0","","","","0","","",""
"12957","42","10/11/2024 2:12:29 PM","10/11/2024 2:54:29 PM","6","","","","","0","","","","42","42","","10/11/2024 2:54:29 PM"
"12953","1","10/11/2024 2:56:37 PM","10/11/2024 2:57:37 PM","6","","","","","0","","","","1","1","","10/11/2024 2:57:37 PM"
"12151","","10/11/2024 2:57:52 PM","","6","","","","","0","","","","0","","",""
"12979","6","10/16/2024 1:41:48 PM","10/16/2024 1:47:48 PM","10","","","","","0","","","","6","6","","10/16/2024 1:47:48 PM"
"12980","22","10/16/2024 1:47:57 PM","10/16/2024 2:09:57 PM","10","","","","","0","","","","22","22","","10/16/2024 2:09:57 PM"
"12981","9","10/16/2024 2:10:20 PM","10/16/2024 2:19:20 PM","10","","","","","0","","","","9","9","","10/16/2024 2:19:20 PM"
"12982","20","10/16/2024 2:21:28 PM","10/16/2024 2:41:28 PM","10","","","","","0","","","","20","20","","10/16/2024 2:41:28 PM"
"12983","8","10/16/2024 2:46:27 PM","10/16/2024 2:54:27 PM","10","","","","","0","","","","8","8","","10/16/2024 2:54:27 PM"
"12984","5","10/16/2024 3:01:57 PM","10/16/2024 3:06:57 PM","10","","","","","0","","","","5","5","","10/16/2024 3:06:57 PM"
"12985","8","10/16/2024 3:11:26 PM","10/16/2024 3:19:26 PM","10","","","","","0","","","","8","8","","10/16/2024 3:19:26 PM"
"12601","","10/18/2024 2:46:34 PM","","4","","","","","0","","","","0","","",""
"12972","","10/21/2024 10:58:52 AM","","6","","","","","0","","","","0","","",""
"12976","","10/21/2024 3:12:57 PM","","6","","","","","0","","","","0","","",""
"13000","","10/22/2024 9:01:57 AM","","6","","","","","0","","","","0","","",""
"12963","40","10/24/2024 9:05:40 AM","10/24/2024 9:45:40 AM","6","","","","","0","","","","40","40","","10/24/2024 9:45:40 AM"
"12811","","10/29/2024 4:09:57 PM","","6","","","","","0","","","","0","","",""
"13032","","11/1/2024 11:02:57 AM","","4","","","","","0","","","","0","","",""
"13041","","11/1/2024 12:04:13 PM","","4","","","","","0","","","","0","","",""
"13060","4","11/5/2024 8:14:47 AM","11/5/2024 8:18:47 AM","6","","","","","0","","","","4","4","","11/5/2024 8:18:47 AM"
"13046","22","11/5/2024 9:12:13 AM","11/5/2024 9:34:13 AM","4","","","","","0","","","","22","22","","11/5/2024 9:34:13 AM"
"13047","20","11/5/2024 9:46:36 AM","11/5/2024 10:06:36 AM","4","","","","","0","","","","20","20","","11/5/2024 10:06:36 AM"
"13073","16","11/5/2024 10:07:48 AM","11/5/2024 10:23:48 AM","6","","","","","0","","","","16","16","","11/5/2024 10:23:48 AM"
"12817","245","11/5/2024 11:24:15 AM","11/5/2024 3:29:15 PM","6","","","","","0","","","","245","245","","11/5/2024 3:29:15 PM"
"13077","0","11/5/2024 3:58:38 PM","11/5/2024 3:58:38 PM","4","","","","","0","","","","0","0","","11/5/2024 3:58:38 PM"
"11413","8","11/7/2024 12:51:12 PM","11/7/2024 12:59:12 PM","4","","","","","0","","","","8","8","","11/7/2024 12:59:12 PM"
"12722","94","11/12/2024 1:29:57 PM","11/12/2024 3:03:57 PM","4","","","","","0","","","","94","94","","11/12/2024 3:03:57 PM"
"12723","37","11/12/2024 3:15:16 PM","11/12/2024 3:52:16 PM","6","","","","","0","","","","37","37","","11/12/2024 3:52:16 PM"
"13099","3","11/12/2024 4:14:13 PM","11/12/2024 4:17:13 PM","4","","","","","0","","","","3","3","","11/12/2024 4:17:13 PM"
"13101","5","11/12/2024 5:09:19 PM","11/12/2024 5:14:19 PM","6","","","","","0","","","","5","5","","11/12/2024 5:14:19 PM"
"13096","32","11/12/2024 5:14:48 PM","11/12/2024 5:46:48 PM","6","","","","","0","","","","32","32","","11/12/2024 5:46:48 PM"
"13015","18","11/12/2024 6:07:42 PM","11/12/2024 6:25:42 PM","4","","","","","0","","","","18","18","","11/12/2024 6:25:42 PM"
"12813","39","11/13/2024 11:47:14 AM","11/13/2024 12:26:14 PM","6","","","","","0","","","","39","39","","11/13/2024 12:26:14 PM"
"13074","7","11/13/2024 1:27:38 PM","11/13/2024 1:34:38 PM","4","","","","","0","","","","7","7","","11/13/2024 1:34:38 PM"
"13075","57","11/13/2024 1:36:54 PM","11/13/2024 2:33:54 PM","4","","","","","0","","","","57","57","","11/13/2024 2:33:54 PM"
"13076","21","11/13/2024 3:49:36 PM","11/13/2024 4:10:36 PM","4","","","","","0","","","","21","21","","11/13/2024 4:10:36 PM"
"13049","29","11/14/2024 8:49:22 AM","11/14/2024 9:18:22 AM","4","","","","","0","","","","29","29","","11/14/2024 9:18:22 AM"
"13102","29","11/14/2024 9:28:57 AM","11/14/2024 9:57:57 AM","4","","","","","0","","","","29","29","","11/14/2024 9:57:57 AM"
"13108","21","11/14/2024 11:15:55 AM","11/14/2024 11:36:55 AM","4","","","","","0","","","","21","21","","11/14/2024 11:36:55 AM"
"13109","19","11/14/2024 11:36:51 AM","11/14/2024 11:55:51 AM","4","","","","","0","","","","19","19","","11/14/2024 11:55:51 AM"
"12149","","11/15/2024 3:00:41 PM","","6","","","","","0","","","","0","","",""
"13118","34","11/19/2024 8:37:59 AM","11/19/2024 9:11:59 AM","4","","","","","0","","","","34","34","","11/19/2024 9:11:59 AM"
"13128","24","11/19/2024 9:43:29 AM","11/19/2024 10:07:29 AM","6","","","","","0","","","","24","24","","11/19/2024 10:07:29 AM"
"12897","65","11/21/2024 4:17:07 PM","11/21/2024 5:22:07 PM","6","","","","","0","","","","65","65","","11/21/2024 5:22:07 PM"
"12810","116","11/22/2024 9:01:01 AM","11/22/2024 10:57:01 AM","6","","","","","0","","","","116","116","","11/22/2024 10:57:01 AM"
"13274","22","12/31/2024 9:57:09 AM","12/31/2024 10:19:09 AM","6","","","","","0","","","","22","22","","12/31/2024 10:19:09 AM"
"13239","21","12/31/2024 10:19:37 AM","12/31/2024 10:40:37 AM","6","","","","","0","","","","21","21","","12/31/2024 10:40:37 AM"
"12816","","12/31/2024 10:21:49 AM","","6","","","","","0","","","","0","","",""
"13285","37","1/2/2025 7:08:32 AM","1/2/2025 7:45:32 AM","6","","","","","0","","","","37","37","","1/2/2025 7:45:32 AM"
"13287","25","1/2/2025 7:52:01 AM","1/2/2025 8:17:01 AM","12","","","","","0","","","","25","25","","1/2/2025 8:17:01 AM"
"13252","","1/2/2025 8:51:39 AM","","6","","","","","0","","","","0","","",""
"13272","","1/2/2025 9:12:02 AM","","6","","","","","0","","","","0","","",""
"13282","","1/3/2025 10:11:14 AM","","6","","","","","0","","","","0","","",""
"13322","206","1/6/2025 5:07:16 AM","1/6/2025 8:33:16 AM","6","","","","","0","","","","206","206","","1/6/2025 8:33:16 AM"
"13332","105","1/7/2025 6:44:01 AM","1/7/2025 8:29:01 AM","12","","","","","0","","","","105","105","","1/7/2025 8:29:01 AM"
"13326","","1/9/2025 9:47:51 AM","","6","","","","","0","","","","0","","",""
"13338","","1/9/2025 3:01:07 PM","","6","","","","","0","","","","0","","",""
"13325","","1/10/2025 8:45:19 AM","","6","","","","","0","","","","0","","",""
"13296","","1/13/2025 9:05:30 AM","","6","","","","","0","","","","0","","",""
"12925","","1/13/2025 9:05:49 AM","","6","","","","","0","","","","0","","",""
"13351","","1/13/2025 2:13:55 PM","","15","","","","","0","","","","0","","",""
"13350","","1/13/2025 4:23:58 PM","","6","","","","","0","","","","0","","",""
"13013","1","1/15/2025 3:19:55 PM","1/15/2025 3:20:55 PM","6","","","","","0","","","","1","1","","1/15/2025 3:20:55 PM"
"12752","191","1/17/2025 10:26:59 AM","1/17/2025 1:37:59 PM","6","","","","","0","","","","191","191","","1/17/2025 1:37:59 PM"
"13057","","1/17/2025 11:24:33 AM","","15","","","","","0","","","","0","","",""
"13290","","1/17/2025 3:38:40 PM","","6","","","","","0","","","","0","","",""
"13288","51","1/20/2025 4:59:38 AM","1/20/2025 5:50:38 AM","4","","","","","0","","","","51","51","","1/20/2025 5:50:38 AM"
"13361","","1/20/2025 9:16:47 AM","","15","","","","","0","","","","0","","",""
"13227","","1/20/2025 10:19:17 AM","","15","","","","","0","","","","0","","",""
"13365","","1/22/2025 10:07:02 AM","","15","","","","","0","","","","0","","",""
"13364","0","1/23/2025 8:05:45 AM","1/23/2025 8:05:45 AM","6","","","","","0","","","","0","0","","1/23/2025 8:05:45 AM"
"12931","","1/23/2025 10:43:00 AM","","15","","","","","0","","","","0","","",""
"13157","","1/23/2025 3:05:20 PM","","15","","","11/11/2025 8:53:13 AM","0","-1","","","","0","","",""
"13196","","1/23/2025 4:00:58 PM","","15","","","","","0","","","","0","","",""
"13150","23","1/24/2025 5:58:25 AM","1/24/2025 6:21:25 AM","6","","","","","0","","","","23","23","","1/24/2025 6:21:25 AM"
"13198","","1/24/2025 8:15:18 AM","","6","","","","","0","","","","0","","",""
"13301","","1/24/2025 10:20:04 AM","","6","","","","","0","","","","0","","",""
"13336","50","1/24/2025 11:04:45 AM","1/24/2025 11:54:45 AM","6","","","","","0","","","","50","50","","1/24/2025 11:54:45 AM"
"13302","19","1/24/2025 2:17:37 PM","1/24/2025 2:36:37 PM","6","","","","","0","","","","19","19","","1/24/2025 2:36:37 PM"
"13377","","1/24/2025 2:36:46 PM","","6","","","","","0","","","","0","","",""
"13379","","1/24/2025 4:17:39 PM","","6","","","","","0","","","","0","","",""
"13305","42","1/27/2025 5:45:52 AM","1/27/2025 6:27:52 AM","6","","","","","0","","","","42","42","","1/27/2025 6:27:52 AM"
"13376","","1/27/2025 8:46:26 AM","","","","","","","0","","","","0","","",""
"13371","","1/27/2025 9:31:32 AM","","6","","","","","0","","","","0","","",""
"13382","","1/27/2025 10:29:17 AM","","6","","","","","0","","","","0","","",""
"13369","","1/27/2025 12:17:40 PM","","15","","","","","0","","","","0","","",""
"12718","","1/27/2025 3:29:31 PM","","6","","","","","0","","","","0","","",""
"13415","","1/27/2025 3:47:48 PM","","6","","","","","0","","","","0","","",""
"13370","","1/28/2025 9:38:41 AM","","15","","","","","0","","","","0","","",""
"12820","","1/28/2025 11:43:26 AM","","6","","","","","0","","","","0","","",""
"12911","135","1/28/2025 1:46:32 PM","1/28/2025 4:01:32 PM","6","","","","","0","","","","135","135","","1/28/2025 4:01:32 PM"
"13063","","1/29/2025 8:10:53 AM","","15","","","","","0","","","","0","","",""
"13419","6","1/29/2025 8:53:11 AM","1/29/2025 8:59:11 AM","6","","","","","0","","","","6","6","","1/29/2025 8:59:11 AM"
"13417","","1/29/2025 11:21:49 AM","","6","","","","","0","","","","0","","",""
"13418","","1/29/2025 2:54:41 PM","","15","","","","","0","","","","0","","",""
"13346","","1/29/2025 3:10:10 PM","","6","","","","","0","","","","0","","",""
"13423","","1/30/2025 10:24:55 AM","","6","","","","","0","","","","0","","",""
"13368","110","1/31/2025 7:16:54 AM","1/31/2025 9:06:54 AM","6","","","","","0","","","","110","110","","1/31/2025 9:06:54 AM"
"13436","5","2/3/2025 5:20:49 AM","2/3/2025 5:25:49 AM","12","","","","","0","","","","5","5","","2/3/2025 5:25:49 AM"
"13437","5","2/3/2025 5:20:56 AM","2/3/2025 5:25:56 AM","12","","","","","0","","","","5","5","","2/3/2025 5:25:56 AM"
"13432","","2/3/2025 9:02:52 AM","","6","","","","","0","","","","0","","",""
"13439","45","2/4/2025 4:55:39 AM","2/4/2025 5:40:39 AM","6","","","","","0","","","","45","45","","2/4/2025 5:40:39 AM"
"13438","","2/5/2025 9:31:10 AM","","6","","","","","0","","","","0","","",""
"13443","","2/5/2025 10:26:39 AM","","6","","","","","0","","","","0","","",""
"13457","","2/6/2025 8:09:05 AM","","15","","","","","0","","","","0","","",""
"13456","","2/6/2025 8:39:26 AM","","15","","","","","0","","","","0","","",""
"13320","","2/6/2025 10:06:18 AM","","15","","","","","0","","","","0","","",""
"13459","","2/7/2025 8:21:39 AM","","6","","","","","0","","","","0","","",""
"13300","","2/11/2025 8:50:36 AM","","15","","","","","0","","","","0","","",""
"12956","","2/11/2025 3:04:29 PM","","6","","","","","0","","","","0","","",""
"13428","","2/12/2025 8:34:28 AM","","6","","","","","0","","","","0","","",""
"13472","45","2/13/2025 3:33:10 AM","2/13/2025 4:18:10 AM","6","","","","","0","","","","45","45","","2/13/2025 4:18:10 AM"
"13471","100","2/13/2025 9:25:12 AM","2/13/2025 11:05:12 AM","6","","","","","0","","","","100","100","","2/13/2025 11:05:12 AM"
"12473","","2/13/2025 3:06:48 PM","","6","","","","","0","","","","0","","",""
"13455","","2/14/2025 2:12:27 PM","","6","","","","","0","","","","0","","",""
"13237","","2/14/2025 2:12:40 PM","","6","","","","","0","","","","0","","",""
"13402","","2/14/2025 2:48:11 PM","","15","","","","","0","","","","0","","",""
"13386","40","2/17/2025 5:14:11 AM","2/17/2025 5:54:11 AM","12","","","","","0","","","","40","40","","2/17/2025 5:54:11 AM"
"13385","4","2/17/2025 6:02:24 AM","2/17/2025 6:06:24 AM","15","","","","","0","","","","4","4","","2/17/2025 6:06:24 AM"
"13388","5","2/17/2025 6:34:43 AM","2/17/2025 6:39:43 AM","12","","","","","0","","","","5","5","","2/17/2025 6:39:43 AM"
"13384","","2/17/2025 8:21:46 AM","","6","","","","","0","","","","0","","",""
"13387","","2/17/2025 9:03:40 AM","","6","","","","","0","","","","0","","",""
"13486","","2/17/2025 10:06:27 AM","","15","","","","","0","","","","0","","",""
"13405","43","2/18/2025 3:49:27 AM","2/18/2025 4:32:27 AM","6","","","","","0","","","","43","43","","2/18/2025 4:32:27 AM"
"13404","43","2/18/2025 3:49:33 AM","2/18/2025 4:32:33 AM","6","","","","","0","","","","43","43","","2/18/2025 4:32:33 AM"
"13403","","2/18/2025 8:52:06 AM","","15","","","","","0","","","","0","","",""
"13407","","2/19/2025 8:08:52 AM","","6","","","","","0","","","","0","","",""
"13406","","2/19/2025 8:43:07 AM","","15","","","","","0","","","","0","","",""
"12471","","2/20/2025 8:52:54 AM","","6","","","","","0","","","","0","","",""
"13507","","2/20/2025 9:35:38 AM","","6","","","","","0","","","","0","","",""
"13477","","2/20/2025 11:03:15 AM","","15","","","","","0","","","","0","","",""
"13517","69","2/24/2025 7:57:17 AM","2/24/2025 9:06:17 AM","15","","","","","0","","","","69","69","","2/24/2025 9:06:17 AM"
"13426","","2/24/2025 10:01:43 AM","","6","","","","","0","","","","0","","",""
"13383","","2/24/2025 11:43:09 AM","","6","","","","","0","","","","0","","",""
"13240","","2/24/2025 11:54:43 AM","","15","","","","","0","","","","0","","",""
"12719","","2/25/2025 11:08:40 AM","","15","","","","","0","","","","0","","",""
"13529","","2/25/2025 2:50:56 PM","","6","","","","","0","","","","0","","",""
"13205","351","2/26/2025 8:19:02 AM","2/26/2025 2:10:02 PM","6","","","","","0","","","","351","351","","2/26/2025 2:10:02 PM"
"13490","133","2/26/2025 8:19:14 AM","2/26/2025 10:32:14 AM","6","","","","","0","","","","133","133","","2/26/2025 10:32:14 AM"
"13284","","2/28/2025 3:05:51 PM","","15","","","","","0","","","","0","","",""
"13533","","3/3/2025 9:53:11 AM","","15","","","","","0","","","","0","","",""
"13539","","3/3/2025 10:34:35 AM","","6","","","","","0","","","","0","","",""
"13553","","3/4/2025 2:51:57 PM","","6","","","","","0","","","","0","","",""
"13547","","3/4/2025 4:18:06 PM","","15","","","","","0","","","","0","","",""
"13550","62","3/5/2025 4:01:26 AM","3/5/2025 5:03:26 AM","6","","","","","0","","","","62","62","","3/5/2025 5:03:26 AM"
"13551","8","3/5/2025 5:13:55 AM","3/5/2025 5:21:55 AM","6","","","","","0","","","","8","8","","3/5/2025 5:21:55 AM"
"13552","39","3/5/2025 6:25:28 AM","3/5/2025 7:04:28 AM","15","","","","","0","","","","39","39","","3/5/2025 7:04:28 AM"
"13549","7","3/5/2025 7:13:24 AM","3/5/2025 7:20:24 AM","12","","","","","0","","","","7","7","","3/5/2025 7:20:24 AM"
"13473","","3/5/2025 9:59:02 AM","","6","","","","","0","","","","0","","",""
"13562","23","3/7/2025 11:20:23 AM","3/7/2025 11:43:23 AM","6","","","","","0","","","","23","23","","3/7/2025 11:43:23 AM"
"12802","","3/7/2025 11:27:06 AM","","6","","","","","0","","","","0","","",""
"13563","167","3/7/2025 11:31:30 AM","3/7/2025 2:18:30 PM","6","","","","","0","","","","167","167","","3/7/2025 2:18:30 PM"
"13564","34","3/7/2025 1:52:00 PM","3/7/2025 2:26:00 PM","6","","","","","0","","","","34","34","","3/7/2025 2:26:00 PM"
"13561","45","3/7/2025 2:31:28 PM","3/7/2025 3:16:28 PM","6","","","","","0","","","","45","45","","3/7/2025 3:16:28 PM"
"13565","","3/7/2025 3:18:32 PM","","6","","","","","0","","","","0","","",""
"13594","22","3/14/2025 10:46:39 AM","3/14/2025 11:08:39 AM","6","","","","","0","","","","22","22","","3/14/2025 11:08:39 AM"
"13536","","3/14/2025 11:38:17 AM","","6","","","","","0","","","","0","","",""
"13164","","3/17/2025 8:02:45 AM","","6","","","","","0","","","","0","","",""
"13293","22","3/18/2025 5:29:03 AM","3/18/2025 5:51:03 AM","6","","","","","0","","","","22","22","","3/18/2025 5:51:03 AM"
"13114","6","3/18/2025 6:02:32 AM","3/18/2025 6:08:32 AM","12","","","","","0","","","","6","6","","3/18/2025 6:08:32 AM"
"13608","","3/18/2025 12:12:24 PM","","15","","","","","0","","","","0","","",""
"13611","","3/18/2025 2:59:32 PM","","15","","","","","0","","","","0","","",""
"13612","13","3/19/2025 8:37:54 AM","3/19/2025 8:50:54 AM","12","","","","","0","","","","13","13","","3/19/2025 8:50:54 AM"
"13599","","3/26/2025 10:23:37 AM","","6","","","","","0","","","","0","","",""
"13646","44","3/26/2025 11:07:00 AM","3/26/2025 11:51:00 AM","12","","","","","0","","","","44","44","","3/26/2025 11:51:00 AM"
"13651","41","3/26/2025 11:58:26 AM","3/26/2025 12:39:26 PM","6","","","","","0","","","","41","41","","3/26/2025 12:39:26 PM"
"13650","30","3/26/2025 1:16:56 PM","3/26/2025 1:46:56 PM","6","","","","","0","","","","30","30","","3/26/2025 1:46:56 PM"
"13158","","3/31/2025 10:32:25 AM","","15","","","","","0","","","","0","","",""
"13639","","4/1/2025 10:45:12 AM","","15","","","","","0","","","","0","","",""
"13667","107","4/1/2025 11:18:03 AM","4/1/2025 1:05:03 PM","6","","","","","0","","","","107","107","","4/1/2025 1:05:03 PM"
"13643","","4/1/2025 1:21:06 PM","","6","","","","","0","","","","0","","",""
"13648","","4/1/2025 3:40:35 PM","","15","","","","","0","","","","0","","",""
"13670","","4/2/2025 12:14:01 PM","","6","","","","","0","","","","0","","",""
"13664","","4/2/2025 1:33:13 PM","","6","","","","","0","","","","0","","",""
"13663","","4/2/2025 2:39:53 PM","","15","","","","","0","","","","0","","",""
"13159","","4/2/2025 3:18:30 PM","","6","","","","","0","","","","0","","",""
"13165","","4/2/2025 4:13:03 PM","","15","","","","","0","","","","0","","",""
"13161","","4/4/2025 10:22:43 AM","","15","","","","","0","","","","0","","",""
"13538","","4/4/2025 10:43:24 AM","","15","","","","","0","","","","0","","",""
"13686","","4/7/2025 8:30:18 AM","","6","","","","","0","","","","0","","",""
"13687","","4/7/2025 11:23:55 AM","","15","","","","","0","","","","0","","",""
"13502","167","4/8/2025 9:29:00 AM","4/8/2025 12:16:00 PM","6","","","","","0","","","","167","167","","4/8/2025 12:16:00 PM"
"13698","","4/8/2025 2:11:48 PM","","15","","","","","0","","","","0","","",""
"13699","36","4/8/2025 3:00:02 PM","4/8/2025 3:36:02 PM","6","","","","","0","","","","36","36","","4/8/2025 3:36:02 PM"
"12472","","4/9/2025 11:41:08 AM","","6","","","","","0","","","","0","","",""
"12474","","4/9/2025 1:05:08 PM","","6","","","","","0","","","","0","","",""
"13537","75","4/9/2025 1:25:00 PM","4/9/2025 2:40:00 PM","15","","","","","0","","","","75","75","","4/9/2025 2:40:00 PM"
"13695","","4/10/2025 12:19:28 PM","","6","","","","","0","","","","0","","",""
"13704","","4/11/2025 11:35:59 AM","","6","","","","","0","","","","0","","",""
"13700","","4/14/2025 10:01:58 AM","","","","","","","0","","","","0","","",""
"13716","","4/14/2025 3:40:07 PM","","6","","","","","0","","","","0","","",""
"13711","","4/15/2025 8:44:07 AM","","6","","","","","0","","","","0","","",""
"13504","138","4/15/2025 12:05:53 PM","4/15/2025 2:23:53 PM","6","","","","","0","","","","138","138","","4/15/2025 2:23:53 PM"
"13574","44","4/16/2025 9:23:31 AM","4/16/2025 10:07:31 AM","6","","","","","0","","","","44","44","","4/16/2025 10:07:31 AM"
"13575","70","4/16/2025 10:08:45 AM","4/16/2025 11:18:45 AM","6","","","","","0","","","","70","70","","4/16/2025 11:18:45 AM"
"13706","51","4/16/2025 11:19:52 AM","4/16/2025 12:10:52 PM","6","","","","","0","","","","51","51","","4/16/2025 12:10:52 PM"
"13722","","4/17/2025 9:11:28 AM","","15","","","","","0","","","","0","","",""
"13723","","4/17/2025 10:07:10 AM","","15","","","","","0","","","","0","","",""
"13714","","4/17/2025 11:49:40 AM","","15","","","","","0","","","","0","","",""
"13736","","4/21/2025 3:48:44 PM","","15","","","","","0","","","","0","","",""
"13742","22","4/22/2025 5:34:41 AM","4/22/2025 5:56:41 AM","12","","","","","0","","","","22","22","","4/22/2025 5:56:41 AM"
"13735","","4/22/2025 11:51:10 AM","","6","","","","","0","","","","0","","",""
"13748","","4/22/2025 12:27:05 PM","","15","","","","","0","","","","0","","",""
"13312","","4/23/2025 11:22:06 AM","","6","","","","","0","","","","0","","",""
"13526","","4/24/2025 9:06:37 AM","","6","","","","","0","","","","0","","",""
"13525","","4/24/2025 10:27:52 AM","","15","","","","","0","","","","0","","",""
"13523","","4/24/2025 2:54:36 PM","","15","","","","","0","","","","0","","",""
"13307","","4/25/2025 8:50:50 AM","","6","","","","","0","","","","0","","",""
"13774","341","4/25/2025 9:05:13 AM","4/25/2025 2:46:13 PM","6","","","","","0","","","","341","341","","4/25/2025 2:46:13 PM"
"13766","","4/25/2025 9:28:29 AM","","6","","","","","0","","","","0","","",""
"13767","","4/25/2025 11:24:00 AM","","15","","","","","0","","","","0","","",""
"13759","","4/28/2025 11:14:36 AM","","6","","","","","0","","","","0","","",""
"13762","","4/28/2025 12:22:10 PM","","15","","","","","0","","","","0","","",""
"13763","","4/29/2025 8:29:02 AM","","6","","","","","0","","","","0","","",""
"13727","","4/30/2025 8:52:02 AM","","6","","","","","0","","","","0","","",""
"12999","","4/30/2025 10:24:09 AM","","6","","","","","0","","","","0","","",""
"13798","","4/30/2025 2:39:19 PM","","6","","","","","0","","","","0","","",""
"13821","24","5/7/2025 9:01:56 AM","5/7/2025 9:25:56 AM","6","","","","","0","","","","24","24","","5/7/2025 9:25:56 AM"
"13799","","5/8/2025 12:08:14 PM","","6","","","","","0","","","","0","","",""
"13050","","5/14/2025 8:39:43 AM","","6","","","","","0","","","","0","","",""
"13394","","5/15/2025 10:03:22 AM","","6","","","","","0","","","","0","","",""
"13853","","5/16/2025 1:15:08 PM","","15","","","","","0","","","","0","","",""
"13863","","5/19/2025 10:32:28 AM","","15","","","","","0","","","","0","","",""
"13856","116","5/20/2025 8:06:26 AM","5/20/2025 10:02:26 AM","6","","","","","0","","","","116","116","","5/20/2025 10:02:26 AM"
"13740","0","5/20/2025 9:24:22 AM","5/20/2025 9:24:22 AM","6","","","","","0","","","","0","0","","5/20/2025 9:24:22 AM"
"13830","","5/21/2025 3:39:08 PM","","6","","","","","0","","","","0","","",""
"13890","149","5/23/2025 11:01:34 AM","5/23/2025 1:30:34 PM","6","","","","","0","","","","149","149","","5/23/2025 1:30:34 PM"
"13601","","5/23/2025 12:15:24 PM","","6","","","","","0","","","","0","","",""
"13891","135","5/23/2025 1:31:10 PM","5/23/2025 3:46:10 PM","6","","","","","0","","","","135","135","","5/23/2025 3:46:10 PM"
"13908","165","5/27/2025 12:42:32 PM","5/27/2025 3:27:32 PM","","","","","","0","","","","165","165","","5/27/2025 3:27:32 PM"
"13875","","6/3/2025 10:52:14 AM","","6","","","","","0","","","","0","","",""
"13948","","6/9/2025 9:06:26 AM","","6","","","","","0","","","","0","","",""
"12057","","6/13/2025 9:06:06 AM","","6","","","","","0","","","","0","","",""
"13773","","6/18/2025 10:47:14 AM","","6","","","","","0","","","","0","","",""
"14038","","6/27/2025 11:19:08 AM","","15","","","","","0","","","","0","","",""
"13996","","6/30/2025 9:42:25 AM","","15","","","","","0","","","","0","","",""
"14033","36","6/30/2025 1:51:34 PM","6/30/2025 2:27:34 PM","6","","","","","0","","","","36","36","","6/30/2025 2:27:34 PM"
"14075","","7/4/2025 10:37:16 PM","","5","","7/4/2025 10:50:36 PM","7/4/2025 10:47:21 PM","1","0","7/4/2025 10:47:21 PM","3","0","6","","","7/4/2025 10:50:36 PM"
"12056","","7/14/2025 10:41:13 AM","","6","","","7/14/2025 10:41:13 AM","0","-1","7/14/2025 10:41:13 AM","0","0","0","","",""
"14017","","7/21/2025 8:04:34 AM","","15","","","7/21/2025 8:04:34 AM","0","-1","7/21/2025 8:04:34 AM","0","0","0","","",""
"14196","","7/30/2025 1:24:17 PM","","5","","7/30/2025 5:01:32 PM","7/30/2025 1:24:17 PM","1","0","7/30/2025 1:24:17 PM","0","0","217","","","7/30/2025 5:01:32 PM"
"14174","","7/31/2025 10:18:34 AM","","5","","7/31/2025 4:14:55 PM","7/31/2025 10:18:34 AM","1","0","7/31/2025 10:18:34 AM","0","0","356","","","7/31/2025 4:14:55 PM"
"13752","","8/1/2025 9:15:06 AM","","15","","","8/1/2025 9:15:06 AM","0","-1","8/1/2025 9:15:06 AM","0","0","0","","",""
"14179","","8/5/2025 2:34:17 PM","","15","","","8/5/2025 2:34:17 PM","0","-1","8/5/2025 2:34:17 PM","0","0","0","","",""
"14210","","8/6/2025 8:50:11 AM","","6","","","8/6/2025 8:50:11 AM","0","-1","8/6/2025 8:50:11 AM","0","0","0","","",""
"14211","","8/8/2025 11:39:19 AM","","5","","8/8/2025 2:02:18 PM","8/8/2025 11:39:19 AM","1","0","8/8/2025 11:39:19 AM","0","0","143","","","8/8/2025 2:02:18 PM"
"14219","","8/8/2025 2:02:30 PM","","5","","8/8/2025 3:22:41 PM","8/8/2025 2:02:30 PM","1","0","8/8/2025 2:02:30 PM","0","0","80","","","8/8/2025 3:22:41 PM"
"14216","","8/13/2025 9:58:05 AM","","6","","","8/13/2025 9:58:05 AM","0","-1","8/13/2025 9:58:05 AM","0","0","0","","",""
"14452","","9/17/2025 9:40:34 PM","","5","","9/17/2025 9:41:45 PM","9/17/2025 9:41:15 PM","1","0","9/17/2025 9:41:15 PM","1","0","1","","","9/17/2025 9:41:45 PM"
"13121","","9/23/2025 6:59:27 PM","","5","","2/24/2026 9:17:05 AM","2/24/2026 8:26:06 AM","1","0","2/24/2026 8:26:06 AM","70112","0","70163","","","2/24/2026 9:17:05 AM"
"14213","","9/24/2025 4:10:34 PM","","5","","9/25/2025 1:55:23 AM","9/25/2025 1:55:17 AM","1","0","9/25/2025 1:55:17 AM","0","0","0","","","9/25/2025 1:55:23 AM"
"14459","","9/26/2025 11:07:32 AM","","5","","9/26/2025 1:46:57 PM","9/26/2025 11:07:32 AM","1","0","9/26/2025 11:07:32 AM","0","0","159","","","9/26/2025 1:46:57 PM"
"14458","","9/26/2025 1:47:08 PM","","5","","9/26/2025 2:08:15 PM","9/26/2025 1:47:08 PM","1","0","9/26/2025 1:47:08 PM","0","0","21","","","9/26/2025 2:08:15 PM"
"14164","","9/29/2025 8:31:17 AM","","15","","","9/29/2025 8:31:17 AM","0","-1","9/29/2025 8:31:17 AM","0","0","0","","",""
"14472","","10/1/2025 3:09:56 PM","","5","","10/1/2025 3:32:31 PM","10/1/2025 3:09:56 PM","1","0","10/1/2025 3:09:56 PM","0","0","23","","","10/1/2025 3:32:31 PM"
"14475","","10/1/2025 3:39:25 PM","","6","","","10/1/2025 3:39:25 PM","0","-1","10/1/2025 3:39:25 PM","0","0","0","","",""
"14478","","10/6/2025 10:38:25 AM","","5","","10/6/2025 1:13:04 PM","10/6/2025 10:38:25 AM","1","0","10/6/2025 10:38:25 AM","0","0","155","","","10/6/2025 1:13:04 PM"
"14477","","10/6/2025 1:17:56 PM","","5","","10/6/2025 2:40:20 PM","10/6/2025 1:17:56 PM","1","0","10/6/2025 1:17:56 PM","0","0","83","","","10/6/2025 2:40:20 PM"
"14574","","10/16/2025 9:31:38 AM","","5","","10/16/2025 10:24:19 AM","10/16/2025 9:31:38 AM","1","0","10/16/2025 9:31:38 AM","0","0","53","","","10/16/2025 10:24:19 AM"
"14292","","10/16/2025 10:40:00 AM","","5","","10/16/2025 10:44:32 AM","10/16/2025 10:40:00 AM","1","0","10/16/2025 10:40:00 AM","0","0","4","","","10/16/2025 10:44:32 AM"
"14533","","10/16/2025 10:47:01 AM","","5","","10/16/2025 10:51:28 AM","10/16/2025 10:47:01 AM","1","0","10/16/2025 10:47:01 AM","0","0","4","","","10/16/2025 10:51:28 AM"
"14534","","10/16/2025 10:51:37 AM","","5","","10/16/2025 10:59:39 AM","10/16/2025 10:51:37 AM","1","0","10/16/2025 10:51:37 AM","0","0","8","","","10/16/2025 10:59:39 AM"
"13712","","10/16/2025 11:01:08 AM","","5","","10/16/2025 11:36:32 AM","10/16/2025 11:01:08 AM","1","0","10/16/2025 11:01:08 AM","0","0","35","","","10/16/2025 11:36:32 AM"
"14470","","10/16/2025 4:56:09 PM","","6","","","10/16/2025 4:56:09 PM","0","-1","10/16/2025 4:56:09 PM","0","0","0","","",""
"14561","","10/24/2025 11:51:29 AM","","15","","","10/24/2025 11:51:29 AM","0","-1","10/24/2025 11:51:29 AM","0","0","0","","",""
"14029","","10/24/2025 4:14:29 PM","","6","","","10/24/2025 4:14:29 PM","0","-1","10/24/2025 4:14:29 PM","0","0","0","","",""
"14573","","10/27/2025 3:58:47 PM","","15","","","10/27/2025 3:58:47 PM","0","-1","10/27/2025 3:58:47 PM","0","0","0","","",""
"14622","","10/27/2025 4:24:44 PM","","5","","10/27/2025 5:00:31 PM","10/27/2025 4:24:44 PM","1","0","10/27/2025 4:24:44 PM","0","0","36","","","10/27/2025 5:00:31 PM"
"14609","","10/28/2025 7:54:34 AM","","5","","10/28/2025 8:03:30 AM","10/28/2025 7:54:34 AM","1","0","10/28/2025 7:54:34 AM","0","0","9","","","10/28/2025 8:03:30 AM"
"14608","","10/28/2025 7:59:24 AM","","15","","","10/28/2025 7:59:24 AM","0","-1","10/28/2025 7:59:24 AM","0","0","0","","",""
"14615","","10/28/2025 8:05:25 AM","","5","","10/28/2025 9:05:58 AM","10/28/2025 2:53:43 PM","0","-1","10/28/2025 8:48:14 AM","7","0","24","","","10/28/2025 9:05:58 AM"
"14616","","10/28/2025 8:38:16 AM","","5","","10/28/2025 6:28:43 PM","10/28/2025 6:01:58 PM","1","0","10/28/2025 6:01:58 PM","31","0","58","","","10/28/2025 6:28:43 PM"
"14624","","10/28/2025 1:28:53 PM","","5","","10/28/2025 2:55:26 PM","10/28/2025 1:28:53 PM","1","0","10/28/2025 1:28:53 PM","0","0","87","","","10/28/2025 2:55:26 PM"
"14556","","10/28/2025 10:13:14 PM","","5","","10/29/2025 9:01:49 AM","10/28/2025 10:13:14 PM","1","0","10/28/2025 10:13:14 PM","0","0","648","","","10/29/2025 9:01:49 AM"
"14106","","10/29/2025 2:00:51 PM","","5","","10/29/2025 2:51:16 PM","10/29/2025 2:00:51 PM","1","0","10/29/2025 2:00:51 PM","0","0","51","","","10/29/2025 2:51:16 PM"
"14627","","10/30/2025 1:26:48 PM","","5","","10/30/2025 1:31:51 PM","10/30/2025 1:26:48 PM","1","0","10/30/2025 1:26:48 PM","0","0","5","","","10/30/2025 1:31:51 PM"
"14634","","10/31/2025 11:32:08 AM","","5","","10/31/2025 1:43:15 PM","10/31/2025 11:32:08 AM","1","0","10/31/2025 11:32:08 AM","0","0","131","","","10/31/2025 1:43:15 PM"
"14635","","10/31/2025 1:52:45 PM","","12","","","10/31/2025 1:52:45 PM","0","-1","10/31/2025 1:52:45 PM","0","0","0","","",""
"14430","","11/3/2025 9:29:19 AM","","5","","11/3/2025 9:44:45 AM","11/3/2025 9:29:19 AM","1","0","11/3/2025 9:29:19 AM","0","0","15","","","11/3/2025 9:44:45 AM"
"14175","","11/3/2025 9:54:49 AM","","5","","11/3/2025 9:57:06 AM","11/4/2025 8:03:22 AM","0","-1","11/3/2025 9:54:49 AM","0","0","3","","","11/3/2025 9:57:06 AM"
"14643","","11/3/2025 10:42:17 AM","","5","","11/3/2025 11:03:23 AM","11/4/2025 9:47:23 AM","0","-1","11/3/2025 10:42:17 AM","0","0","21","","","11/3/2025 11:03:23 AM"
"14186","","11/3/2025 11:40:34 AM","","5","","11/3/2025 3:36:59 PM","11/17/2025 9:05:03 AM","0","-1","11/3/2025 3:36:54 PM","10","0","10","","","11/3/2025 3:36:59 PM"
"14632","","11/3/2025 11:48:42 AM","","5","","11/3/2025 2:24:16 PM","11/3/2025 11:48:42 AM","1","0","11/3/2025 11:48:42 AM","0","0","156","","","11/3/2025 2:24:16 PM"
"14187","","11/3/2025 1:07:40 PM","","5","","11/3/2025 2:13:38 PM","11/17/2025 11:35:02 AM","0","-1","11/3/2025 1:07:40 PM","0","0","66","","","11/3/2025 2:13:38 PM"
"14629","","11/3/2025 3:09:15 PM","","5","","11/5/2025 11:31:23 AM","11/5/2025 9:19:52 AM","1","0","11/5/2025 9:19:52 AM","7","0","139","","","11/5/2025 11:31:23 AM"
"14644","","11/3/2025 3:16:32 PM","","5","","11/3/2025 3:39:33 PM","11/4/2025 10:18:14 AM","0","-1","11/3/2025 3:16:32 PM","0","0","23","","","11/3/2025 3:39:33 PM"
"14648","","11/4/2025 11:13:57 AM","","12","","","11/4/2025 11:13:57 AM","0","-1","11/4/2025 11:13:57 AM","0","0","0","","",""
"14068","","11/5/2025 8:11:00 AM","","5","","11/5/2025 9:19:31 AM","11/5/2025 8:11:00 AM","1","0","11/5/2025 8:11:00 AM","0","0","68","","","11/5/2025 9:19:31 AM"
"14674","","11/5/2025 9:12:50 AM","","5","","11/5/2025 9:26:38 AM","11/5/2025 9:12:50 AM","1","0","11/5/2025 9:12:50 AM","0","0","14","","","11/5/2025 9:26:38 AM"
"14651","","11/5/2025 9:35:23 AM","","5","","11/5/2025 9:43:04 AM","11/5/2025 1:47:38 PM","0","-1","11/5/2025 9:35:23 AM","0","0","8","","","11/5/2025 9:43:04 AM"
"14658","","11/5/2025 9:35:49 AM","","","","","11/5/2025 9:35:49 AM","0","-1","11/5/2025 9:35:49 AM","0","0","0","","",""
"14654","","11/5/2025 9:49:53 AM","","5","","11/5/2025 10:06:20 AM","11/14/2025 2:28:13 PM","0","-1","11/5/2025 9:49:53 AM","0","0","17","","","11/5/2025 10:06:20 AM"
"14655","","11/5/2025 10:08:08 AM","","5","","11/5/2025 11:10:26 AM","11/5/2025 11:47:58 AM","0","-1","11/5/2025 10:08:08 AM","0","0","62","","","11/5/2025 11:10:26 AM"
"14657","","11/5/2025 10:48:17 AM","","5","","11/5/2025 11:04:26 AM","11/5/2025 10:48:17 AM","1","0","11/5/2025 10:48:17 AM","0","0","16","","","11/5/2025 11:04:26 AM"
"14385","","11/6/2025 7:51:42 AM","","5","","11/6/2025 7:58:45 AM","11/6/2025 7:51:42 AM","1","0","11/6/2025 7:51:42 AM","0","0","7","","","11/6/2025 7:58:45 AM"
"14610","","11/6/2025 8:53:25 AM","","5","","11/6/2025 9:36:57 AM","11/6/2025 8:53:25 AM","1","0","11/6/2025 8:53:25 AM","0","0","43","","","11/6/2025 9:36:57 AM"
"14611","","11/6/2025 10:44:55 AM","","12","","","11/6/2025 10:44:55 AM","0","-1","11/6/2025 10:44:55 AM","0","0","0","","",""
"13500","","11/7/2025 1:16:42 PM","","6","","","11/7/2025 1:16:42 PM","0","-1","11/7/2025 1:16:42 PM","0","0","0","","",""
"14642","","11/10/2025 8:34:15 AM","","15","","","11/10/2025 8:34:15 AM","0","-1","11/10/2025 8:34:15 AM","0","0","0","","",""
"14513","","11/10/2025 1:53:07 PM","","6","","","11/10/2025 1:53:07 PM","0","-1","11/10/2025 1:53:07 PM","0","0","0","","",""
"14217","","11/11/2025 11:48:21 AM","","6","","","11/11/2025 11:48:21 AM","0","-1","11/11/2025 11:48:21 AM","0","0","0","","",""
"14636","","11/11/2025 2:46:10 PM","","6","","","11/11/2025 2:46:10 PM","0","-1","11/11/2025 2:46:10 PM","0","0","0","","",""
"14614","","11/12/2025 4:04:29 AM","","5","","11/12/2025 4:31:41 AM","11/12/2025 4:04:29 AM","1","0","11/12/2025 4:04:29 AM","0","0","27","","","11/12/2025 4:31:41 AM"
"14659","","11/12/2025 4:47:54 AM","","5","","11/12/2025 5:09:47 AM","11/12/2025 4:47:54 AM","1","0","11/12/2025 4:47:54 AM","0","0","22","","","11/12/2025 5:09:47 AM"
"14660","","11/12/2025 5:10:02 AM","","5","","11/12/2025 5:35:13 AM","11/12/2025 5:10:02 AM","1","0","11/12/2025 5:10:02 AM","0","0","25","","","11/12/2025 5:35:13 AM"
"13614","","11/12/2025 6:53:45 AM","","12","","","11/12/2025 6:53:45 AM","0","-1","11/12/2025 6:53:45 AM","0","0","0","","",""
"14637","","11/17/2025 12:28:43 AM","","5","","11/17/2025 12:28:55 AM","11/17/2025 12:29:03 AM","0","-1","11/17/2025 12:28:43 AM","0","0","0","","","11/17/2025 12:28:55 AM"
"14618","","11/17/2025 1:49:12 AM","","5","","11/18/2025 3:21:43 AM","11/18/2025 3:21:50 AM","0","-1","11/17/2025 1:49:12 AM","0","0","1532","","","11/18/2025 3:21:43 AM"
"14544","","11/17/2025 3:06:33 AM","","5","","11/17/2025 3:21:45 AM","11/17/2025 3:06:33 AM","1","0","11/17/2025 3:06:33 AM","0","0","15","","","11/17/2025 3:21:45 AM"
"14661","","11/17/2025 4:50:54 AM","","5","","11/17/2025 5:18:08 AM","11/17/2025 4:50:54 AM","1","0","11/17/2025 4:50:54 AM","0","0","28","","","11/17/2025 5:18:08 AM"
"14662","","11/17/2025 5:18:37 AM","","5","","11/17/2025 5:42:35 AM","11/17/2025 5:18:37 AM","1","0","11/17/2025 5:18:37 AM","0","0","24","","","11/17/2025 5:42:35 AM"
"12061","","11/17/2025 3:06:13 PM","","6","","","11/17/2025 3:06:13 PM","0","-1","11/17/2025 3:06:13 PM","0","0","0","","",""
"14691","","11/17/2025 4:32:32 PM","","15","","","11/17/2025 4:32:32 PM","0","-1","11/17/2025 4:32:32 PM","0","0","0","","",""
"14663","","11/18/2025 5:03:11 AM","","5","","11/18/2025 5:23:38 AM","11/18/2025 5:03:11 AM","1","0","11/18/2025 5:03:11 AM","0","0","20","","","11/18/2025 5:23:38 AM"
"14708","","11/18/2025 7:32:17 AM","","12","","","11/18/2025 7:32:17 AM","0","-1","11/18/2025 7:32:17 AM","0","0","0","","",""
"14325","","11/18/2025 8:14:41 AM","","6","","","11/18/2025 8:14:41 AM","0","-1","11/18/2025 8:14:41 AM","0","0","0","","",""
"14710","","11/18/2025 11:58:18 AM","","6","","","11/18/2025 11:58:18 AM","0","-1","11/18/2025 11:58:18 AM","0","0","0","","",""
"14716","","11/20/2025 11:35:43 AM","","5","","11/20/2025 1:58:27 PM","11/20/2025 11:35:43 AM","1","0","11/20/2025 11:35:43 AM","0","0","143","","","11/20/2025 1:58:27 PM"
"14103","","11/21/2025 3:03:14 AM","","5","","11/21/2025 4:00:29 AM","11/21/2025 3:03:14 AM","1","0","11/21/2025 3:03:14 AM","0","0","57","","","11/21/2025 4:00:29 AM"
"12576","","11/21/2025 6:03:44 AM","","12","","","11/21/2025 6:03:44 AM","0","-1","11/21/2025 6:03:44 AM","0","0","0","","",""
"14718","","11/21/2025 6:12:56 AM","","5","","11/21/2025 6:39:12 AM","11/21/2025 6:12:56 AM","1","0","11/21/2025 6:12:56 AM","0","0","27","","","11/21/2025 6:39:12 AM"
"14729","","11/21/2025 2:39:44 PM","","5","","11/21/2025 2:39:54 PM","11/21/2025 2:39:44 PM","1","0","11/21/2025 2:39:44 PM","0","0","0","","","11/21/2025 2:39:54 PM"
"14688","","11/21/2025 2:55:35 PM","","5","","11/21/2025 4:28:28 PM","11/21/2025 2:55:35 PM","1","0","11/21/2025 2:55:35 PM","0","0","93","","","11/21/2025 4:28:28 PM"
"14765","","11/21/2025 4:29:37 PM","","5","","11/21/2025 4:59:53 PM","11/21/2025 4:29:37 PM","1","0","11/21/2025 4:29:37 PM","0","0","30","","","11/21/2025 4:59:53 PM"
"14766","","11/24/2025 11:32:48 AM","","6","","","11/24/2025 11:32:48 AM","0","-1","11/24/2025 11:32:48 AM","0","0","0","","",""
"14726","","11/24/2025 2:46:33 PM","","15","","","11/24/2025 2:46:33 PM","0","-1","11/24/2025 2:46:33 PM","0","0","0","","",""
"14370","","11/24/2025 2:46:57 PM","","6","","","11/24/2025 2:46:57 PM","0","-1","11/24/2025 2:46:57 PM","0","0","0","","",""
"14770","","11/24/2025 4:12:58 PM","","","","","11/24/2025 4:12:58 PM","0","-1","11/24/2025 4:12:58 PM","0","0","0","","",""
"13308","","11/25/2025 11:49:42 AM","","5","","","11/25/2025 11:49:42 AM","0","-1","11/25/2025 11:49:42 AM","0","0","0","","",""
"14243","","12/1/2025 10:54:36 AM","","15","","","12/1/2025 10:54:36 AM","0","-1","12/1/2025 10:54:36 AM","0","0","0","","",""
"14656","","12/1/2025 1:26:46 PM","","6","","","12/1/2025 1:26:46 PM","0","-1","12/1/2025 1:26:46 PM","0","0","0","","",""
"13617","","12/3/2025 5:11:04 AM","","5","","12/3/2025 6:18:27 AM","12/3/2025 5:11:04 AM","1","0","12/3/2025 5:11:04 AM","0","0","67","","","12/3/2025 6:18:27 AM"
"13621","","12/3/2025 6:50:24 AM","","","","","12/3/2025 6:50:24 AM","0","-1","12/3/2025 6:50:24 AM","0","0","0","","",""
"14185","","12/4/2025 8:56:08 AM","","15","","","12/4/2025 8:56:08 AM","0","-1","12/4/2025 8:56:08 AM","0","0","0","","",""
"14815","","12/9/2025 6:57:03 AM","","5","","12/9/2025 7:35:28 AM","12/9/2025 6:57:03 AM","1","0","12/9/2025 6:57:03 AM","0","0","38","","","12/9/2025 7:35:28 AM"
"14813","","12/9/2025 7:36:55 AM","","5","","12/9/2025 7:41:51 AM","12/9/2025 7:36:55 AM","1","0","12/9/2025 7:36:55 AM","0","0","5","","","12/9/2025 7:41:51 AM"
"14780","","12/9/2025 10:27:33 AM","","6","","","12/9/2025 10:27:33 AM","0","-1","12/9/2025 10:27:33 AM","0","0","0","","",""
"14785","","12/10/2025 8:05:36 AM","","","","","12/10/2025 8:05:36 AM","0","-1","12/10/2025 8:05:36 AM","0","0","0","","",""
"14826","","12/11/2025 10:36:17 AM","","5","","12/11/2025 11:43:09 AM","12/11/2025 10:36:17 AM","1","0","12/11/2025 10:36:17 AM","0","0","67","","","12/11/2025 11:43:09 AM"
"14828","","12/11/2025 11:42:58 AM","","6","","","12/11/2025 11:42:58 AM","0","-1","12/11/2025 11:42:58 AM","0","0","0","","",""
"14650","","12/12/2025 7:20:43 AM","","","","","12/12/2025 7:20:43 AM","0","-1","12/12/2025 7:20:43 AM","0","0","0","","",""
"14786","","12/12/2025 7:41:50 AM","","","","","12/12/2025 7:41:50 AM","0","-1","12/12/2025 7:41:50 AM","0","0","0","","",""
"14836","","12/16/2025 7:58:41 AM","","12","","","12/16/2025 7:58:41 AM","0","-1","12/16/2025 7:58:41 AM","0","0","0","","",""
"14848","","12/19/2025 3:24:57 PM","","5","","12/19/2025 3:59:18 PM","12/19/2025 3:24:57 PM","1","0","12/19/2025 3:24:57 PM","0","0","35","","","12/19/2025 3:59:18 PM"
"14851","","12/22/2025 2:01:22 PM","","5","","12/22/2025 2:24:33 PM","12/22/2025 2:01:22 PM","1","0","12/22/2025 2:01:22 PM","0","0","23","","","12/22/2025 2:24:33 PM"
"14182","","12/22/2025 3:47:30 PM","","6","","","12/22/2025 3:47:30 PM","0","-1","12/22/2025 3:47:30 PM","0","0","0","","",""
"14300","","12/23/2025 8:22:33 AM","","15","","","12/23/2025 8:22:33 AM","0","-1","12/23/2025 8:22:33 AM","0","0","0","","",""
"14653","","12/23/2025 3:38:02 PM","","6","","","12/23/2025 3:38:02 PM","0","-1","12/23/2025 3:38:02 PM","0","0","0","","",""
"14863","","12/29/2025 1:18:15 PM","","5","","12/29/2025 3:18:26 PM","12/29/2025 1:18:15 PM","1","0","12/29/2025 1:18:15 PM","0","0","120","","","12/29/2025 3:18:26 PM"
"14859","","12/29/2025 3:22:41 PM","","6","","","12/29/2025 3:22:41 PM","0","-1","12/29/2025 3:22:41 PM","0","0","0","","",""
"14809","","1/5/2026 9:30:00 AM","","5","","1/5/2026 10:00:32 AM","1/5/2026 9:30:00 AM","1","0","1/5/2026 9:30:00 AM","0","0","30","","","1/5/2026 10:00:32 AM"
"14886","","1/5/2026 10:43:57 AM","","6","","","1/5/2026 10:43:57 AM","0","-1","1/5/2026 10:43:57 AM","0","0","0","","",""
"14900","","1/12/2026 1:37:19 PM","","5","","1/12/2026 2:34:44 PM","1/12/2026 1:37:19 PM","1","0","1/12/2026 1:37:19 PM","0","0","57","","","1/12/2026 2:34:44 PM"
"14901","","1/12/2026 2:40:07 PM","","","","","1/12/2026 2:40:07 PM","0","-1","1/12/2026 2:40:07 PM","0","0","0","","",""
"14902","","1/15/2026 6:21:28 AM","","12","","","1/15/2026 6:21:28 AM","0","-1","1/15/2026 6:21:28 AM","0","0","0","","",""
"14913","","1/15/2026 6:50:22 AM","","12","","","1/15/2026 6:50:22 AM","0","-1","1/15/2026 6:50:22 AM","0","0","0","","",""
"14915","","1/16/2026 6:42:47 AM","","5","","1/16/2026 7:36:51 AM","1/16/2026 6:42:47 AM","1","0","1/16/2026 6:42:47 AM","0","0","54","","","1/16/2026 7:36:51 AM"
"14916","","1/16/2026 7:48:21 AM","","12","","","1/16/2026 7:48:21 AM","0","-1","1/16/2026 7:48:21 AM","0","0","0","","",""
"14921","","1/16/2026 1:12:16 PM","","6","","","1/16/2026 1:12:16 PM","0","-1","1/16/2026 1:12:16 PM","0","0","0","","",""
"12062","","2/4/2026 4:47:21 PM","","5","","2/4/2026 4:47:37 PM","2/4/2026 4:47:21 PM","1","0","2/4/2026 4:47:21 PM","0","0","0","","","2/4/2026 4:47:37 PM"
"14791","","2/6/2026 12:03:42 PM","","5","","2/6/2026 1:28:15 PM","2/6/2026 12:03:42 PM","1","0","2/6/2026 12:03:42 PM","0","0","85","","","2/6/2026 1:28:15 PM"
"14732","","2/6/2026 2:42:27 PM","","5","","2/6/2026 4:21:47 PM","2/6/2026 2:42:27 PM","1","0","2/6/2026 2:42:27 PM","0","0","99","","","2/6/2026 4:21:47 PM"
"14987","","2/9/2026 7:11:59 AM","","","","","2/9/2026 7:11:59 AM","0","-1","2/9/2026 7:11:59 AM","0","0","0","","",""
"14804","","2/9/2026 8:49:07 AM","","6","","","2/9/2026 8:49:07 AM","0","-1","2/9/2026 8:49:07 AM","0","0","0","","",""
"14972","","2/9/2026 8:51:50 AM","","5","","2/9/2026 11:16:41 AM","2/9/2026 8:51:50 AM","1","0","2/9/2026 8:51:50 AM","0","0","145","","","2/9/2026 11:16:41 AM"
"15003","","2/9/2026 11:17:22 AM","","6","","","2/9/2026 11:17:22 AM","0","-1","2/9/2026 11:17:22 AM","0","0","0","","",""
"15001","","2/11/2026 5:08:36 AM","","5","","2/11/2026 5:23:05 AM","2/11/2026 5:08:36 AM","1","0","2/11/2026 5:08:36 AM","0","0","15","","","2/11/2026 5:23:05 AM"
"14974","","2/11/2026 6:00:30 AM","","5","","2/11/2026 6:13:20 AM","2/11/2026 6:00:30 AM","1","0","2/11/2026 6:00:30 AM","0","0","13","","","2/11/2026 6:13:20 AM"
"14971","","2/11/2026 6:16:19 AM","","12","","","2/11/2026 6:16:19 AM","0","-1","2/11/2026 6:16:19 AM","0","0","0","","",""
"15006","","2/12/2026 2:28:10 PM","","5","","4/13/2026 8:36:48 AM","2/12/2026 2:28:10 PM","1","0","2/12/2026 2:28:10 PM","0","0","86048","","","4/13/2026 8:36:48 AM"
"15016","","2/16/2026 11:13:14 AM","","6","","","2/16/2026 11:13:14 AM","0","-1","2/16/2026 11:13:14 AM","0","0","0","","",""
"15028","","2/19/2026 12:52:47 PM","","5","","2/19/2026 4:22:38 PM","2/19/2026 12:52:47 PM","1","0","2/19/2026 12:52:47 PM","0","0","210","","","2/19/2026 4:22:38 PM"
"15030","","2/23/2026 1:45:54 PM","","6","","","2/23/2026 1:45:54 PM","0","-1","2/23/2026 1:45:54 PM","0","0","0","","",""
"15026","","2/24/2026 11:47:08 AM","","6","","","2/24/2026 11:47:08 AM","0","-1","2/24/2026 11:47:08 AM","0","0","0","","",""
"15061","","2/25/2026 12:54:37 PM","","6","","","2/25/2026 12:54:37 PM","0","-1","2/25/2026 12:54:37 PM","0","0","0","","",""
"14685","","2/26/2026 1:33:25 PM","","6","","","2/26/2026 1:33:25 PM","0","-1","2/26/2026 1:33:25 PM","0","0","0","","",""
"15057","","3/5/2026 10:03:13 AM","","12","","","3/5/2026 10:03:13 AM","0","-1","3/5/2026 10:03:13 AM","0","0","0","","",""
"15067","","3/9/2026 8:53:19 PM","","5","","3/9/2026 8:55:33 PM","3/9/2026 8:55:02 PM","1","0","3/9/2026 8:55:02 PM","1","0","1","","","3/9/2026 8:55:33 PM"
"15113","","3/12/2026 10:50:31 AM","","6","","","3/12/2026 10:50:31 AM","0","-1","3/12/2026 10:50:31 AM","0","0","0","","",""
"15106","","3/16/2026 8:09:33 AM","","6","","","3/16/2026 8:09:33 AM","0","-1","3/16/2026 8:09:33 AM","0","0","0","","",""
"14880","","3/17/2026 4:49:41 PM","","6","","","3/17/2026 4:49:41 PM","0","-1","3/17/2026 4:49:41 PM","0","0","0","","",""
"15074","","3/18/2026 3:07:53 PM","","6","","","3/18/2026 3:07:53 PM","0","-1","3/18/2026 3:07:53 PM","0","0","0","","",""
"15134","","3/19/2026 6:43:37 AM","","12","","","3/19/2026 6:43:37 AM","0","-1","3/19/2026 6:43:37 AM","0","0","0","","",""
"15110","","3/20/2026 6:56:57 AM","","12","","","3/20/2026 6:56:57 AM","0","-1","3/20/2026 6:56:57 AM","0","0","0","","",""
"15141","","3/20/2026 3:00:04 PM","","6","","","3/20/2026 3:00:04 PM","0","-1","3/20/2026 3:00:04 PM","0","0","0","","",""
"15135","","3/23/2026 4:15:52 PM","","5","","3/23/2026 4:23:15 PM","3/23/2026 4:15:52 PM","1","0","3/23/2026 4:15:52 PM","0","0","8","","","3/23/2026 4:23:15 PM"
"15136","","3/23/2026 4:26:28 PM","","6","","","3/23/2026 4:26:28 PM","0","-1","3/23/2026 4:26:28 PM","0","0","0","","",""
"15137","","3/23/2026 4:27:04 PM","","5","","3/23/2026 4:40:25 PM","3/23/2026 4:27:04 PM","1","0","3/23/2026 4:27:04 PM","0","0","13","","","3/23/2026 4:40:25 PM"
"14930","","3/24/2026 3:49:26 PM","","5","","3/24/2026 4:49:19 PM","3/24/2026 3:49:26 PM","1","0","3/24/2026 3:49:26 PM","0","0","60","","","3/24/2026 4:49:19 PM"
"15178","","3/24/2026 3:52:59 PM","","5","","3/24/2026 4:49:24 PM","3/24/2026 3:52:59 PM","1","0","3/24/2026 3:52:59 PM","0","0","57","","","3/24/2026 4:49:24 PM"
"14995","","3/25/2026 8:55:38 AM","","6","","","3/25/2026 8:55:38 AM","0","-1","3/25/2026 8:55:38 AM","0","0","0","","",""
"15008","","3/25/2026 3:05:36 PM","","5","","3/25/2026 3:23:08 PM","4/2/2026 8:10:57 AM","0","-1","3/25/2026 3:05:36 PM","0","0","18","","","3/25/2026 3:23:08 PM"
"15069","","3/25/2026 3:23:42 PM","","5","","4/3/2026 10:46:02 AM","3/25/2026 3:23:42 PM","1","0","3/25/2026 3:23:42 PM","0","0","12683","","","4/3/2026 10:46:02 AM"
"15180","","3/26/2026 8:14:04 AM","","6","","","3/26/2026 8:14:04 AM","0","-1","3/26/2026 8:14:04 AM","0","0","0","","",""
"15054","","3/27/2026 7:47:15 AM","","12","","","3/27/2026 7:47:15 AM","0","-1","3/27/2026 7:47:15 AM","0","0","0","","",""
"15037","","3/30/2026 8:38:20 AM","","5","","3/30/2026 11:13:37 AM","3/30/2026 8:38:20 AM","1","0","3/30/2026 8:38:20 AM","0","0","155","","","3/30/2026 11:13:37 AM"
"15118","","3/30/2026 1:03:49 PM","","5","","3/30/2026 1:15:10 PM","3/30/2026 1:03:49 PM","1","0","3/30/2026 1:03:49 PM","0","0","12","","","3/30/2026 1:15:10 PM"
"15196","","4/2/2026 9:02:46 AM","","12","","","4/2/2026 9:02:46 AM","0","-1","4/2/2026 9:02:46 AM","0","0","0","","",""
"15207","","4/2/2026 2:53:03 PM","","15","","","4/2/2026 2:53:03 PM","0","-1","4/2/2026 2:53:03 PM","0","0","0","","",""
"15116","","4/2/2026 3:23:08 PM","","5","","4/2/2026 4:23:26 PM","4/2/2026 3:23:08 PM","1","0","4/2/2026 3:23:08 PM","0","0","60","","","4/2/2026 4:23:26 PM"
"15201","","4/2/2026 4:59:27 PM","","5","","4/7/2026 3:26:15 PM","4/2/2026 4:59:27 PM","1","0","4/2/2026 4:59:27 PM","0","0","7107","","","4/7/2026 3:26:15 PM"
"15170","","4/3/2026 11:05:59 AM","","5","","4/3/2026 3:02:12 PM","4/3/2026 11:05:59 AM","1","0","4/3/2026 11:05:59 AM","0","0","237","","","4/3/2026 3:02:12 PM"
"14696","","4/3/2026 3:08:24 PM","","5","","4/6/2026 4:55:24 PM","4/3/2026 3:08:24 PM","1","0","4/3/2026 3:08:24 PM","0","0","4427","","","4/6/2026 4:55:24 PM"
"15145","","4/6/2026 10:59:09 AM","","15","","","4/6/2026 10:59:09 AM","0","-1","4/6/2026 10:59:09 AM","0","0","0","","",""
"13122","","4/7/2026 3:12:36 PM","","5","","4/9/2026 9:20:07 AM","4/9/2026 8:35:58 AM","1","0","4/9/2026 8:35:58 AM","72","0","117","","","4/9/2026 9:20:07 AM"
"15188","","4/7/2026 4:24:59 PM","","5","","4/8/2026 10:51:18 AM","4/8/2026 9:57:15 AM","1","0","4/8/2026 9:57:15 AM","10","0","64","","","4/8/2026 10:51:18 AM"
"15187","","4/7/2026 4:49:18 PM","","5","","4/8/2026 10:50:52 AM","4/7/2026 4:49:18 PM","1","0","4/7/2026 4:49:18 PM","0","0","1081","","","4/8/2026 10:50:52 AM"
"15093","","4/7/2026 4:49:42 PM","","6","","","4/7/2026 4:49:42 PM","0","-1","4/7/2026 4:49:42 PM","0","0","0","","",""
"15211","","4/7/2026 4:49:48 PM","","6","","","4/7/2026 4:49:48 PM","0","-1","4/7/2026 4:49:48 PM","0","0","0","","",""
"14980","","4/8/2026 8:47:36 AM","","5","","4/9/2026 10:41:15 AM","4/8/2026 8:47:36 AM","1","0","4/8/2026 8:47:36 AM","0","0","1554","","","4/9/2026 10:41:15 AM"
"14110","","4/8/2026 9:54:37 AM","","5","","4/9/2026 9:41:31 AM","4/9/2026 10:43:54 AM","0","-1","4/8/2026 9:54:37 AM","0","0","1427","","","4/9/2026 9:41:31 AM"
"15217","","4/8/2026 2:20:46 PM","","6","","","4/8/2026 2:20:46 PM","0","-1","4/8/2026 2:20:46 PM","0","0","0","","",""
"15242","","4/8/2026 2:20:56 PM","","15","","","4/8/2026 2:20:56 PM","0","-1","4/8/2026 2:20:56 PM","0","0","0","","",""
"15219","","4/9/2026 8:22:33 AM","","5","","4/13/2026 3:49:43 PM","4/9/2026 8:22:33 AM","1","0","4/9/2026 8:22:33 AM","0","0","6207","","","4/13/2026 3:49:43 PM"
"15247","","4/9/2026 8:26:04 AM","","5","","4/9/2026 8:34:43 AM","4/9/2026 8:26:04 AM","1","0","4/9/2026 8:26:04 AM","0","0","8","","","4/9/2026 8:34:43 AM"
"15156","","4/9/2026 9:23:37 AM","","5","","4/9/2026 11:43:18 AM","4/9/2026 9:23:37 AM","1","0","4/9/2026 9:23:37 AM","0","0","140","","","4/9/2026 11:43:18 AM"
"14821","","4/9/2026 9:42:31 AM","","5","","4/9/2026 9:44:33 AM","4/9/2026 9:42:31 AM","1","0","4/9/2026 9:42:31 AM","0","0","2","","","4/9/2026 9:44:33 AM"
"14931","","4/9/2026 1:43:28 PM","","5","","4/10/2026 9:18:19 AM","4/9/2026 1:43:28 PM","1","0","4/9/2026 1:43:28 PM","0","0","1175","","","4/10/2026 9:18:19 AM"
"15264","","4/10/2026 10:45:10 AM","","5","","4/10/2026 10:50:39 AM","4/10/2026 10:45:10 AM","1","0","4/10/2026 10:45:10 AM","0","0","5","","","4/10/2026 10:50:39 AM"
"15160","","4/13/2026 4:36:27 PM","","6","","","4/13/2026 4:36:27 PM","0","-1","4/13/2026 4:36:27 PM","0","0","0","","",""
"15243","","4/13/2026 4:53:27 PM","","5","","4/14/2026 9:32:12 AM","4/13/2026 4:53:27 PM","1","0","4/13/2026 4:53:27 PM","0","0","999","","","4/14/2026 9:32:12 AM"
"15250","","4/16/2026 1:13:28 PM","","6","","","4/16/2026 1:13:28 PM","0","-1","4/16/2026 1:13:28 PM","0","0","0","","",""
"15260","","4/17/2026 10:36:21 AM","","15","","","4/17/2026 10:36:21 AM","0","-1","4/17/2026 10:36:21 AM","0","0","0","","",""
"15274","","4/17/2026 4:01:08 PM","","5","","4/17/2026 5:00:26 PM","4/17/2026 4:01:08 PM","1","0","4/17/2026 4:01:08 PM","0","0","59","","","4/17/2026 5:00:26 PM"
"15291","","4/20/2026 8:43:01 AM","","5","","4/20/2026 10:08:17 AM","4/20/2026 8:43:01 AM","1","0","4/20/2026 8:43:01 AM","0","0","85","","","4/20/2026 10:08:17 AM"
"14983","","4/20/2026 10:13:22 AM","","6","","","4/20/2026 10:13:22 AM","0","-1","4/20/2026 10:13:22 AM","0","0","0","","",""
"14865","","4/21/2026 2:11:21 PM","","5","","4/21/2026 4:52:09 PM","4/21/2026 2:11:21 PM","1","0","4/21/2026 2:11:21 PM","0","0","161","","","4/21/2026 4:52:09 PM"
"15290","","4/21/2026 3:26:27 PM","","5","","5/1/2026 8:12:32 AM","4/21/2026 3:26:27 PM","1","0","4/21/2026 3:26:27 PM","0","0","13966","","","5/1/2026 8:12:32 AM"
"15277","","4/22/2026 3:24:05 PM","","5","","4/23/2026 9:26:59 AM","4/22/2026 3:24:05 PM","1","0","4/22/2026 3:24:05 PM","0","0","1082","","","4/23/2026 9:26:59 AM"
"15327","","4/28/2026 4:00:05 PM","","6","","","4/28/2026 4:00:05 PM","0","-1","4/28/2026 4:00:05 PM","0","0","0","","",""
"15332","","5/1/2026 11:24:01 AM","","6","","","5/1/2026 11:24:01 AM","0","-1","5/1/2026 11:24:01 AM","0","0","0","","",""
"15336","","5/1/2026 12:21:48 PM","","6","","","5/1/2026 12:21:48 PM","0","-1","5/1/2026 12:21:48 PM","0","0","0","","",""
"15329","","5/4/2026 7:25:26 AM","","5","","5/4/2026 7:48:33 AM","5/4/2026 7:25:26 AM","1","0","5/4/2026 7:25:26 AM","0","0","23","","","5/4/2026 7:48:33 AM"
"15307","","5/4/2026 7:48:27 AM","","5","","5/4/2026 8:13:06 AM","5/4/2026 7:48:27 AM","1","0","5/4/2026 7:48:27 AM","0","0","25","","","5/4/2026 8:13:06 AM"
"15334","","5/4/2026 8:13:11 AM","","12","","","5/4/2026 8:13:11 AM","0","-1","5/4/2026 8:13:11 AM","0","0","0","","",""
"14297","","5/11/2026 4:00:34 PM","","6","","","5/11/2026 4:00:34 PM","0","-1","5/11/2026 4:00:34 PM","0","0","0","","",""
"15365","","5/13/2026 10:01:18 AM","","5","","5/13/2026 2:41:17 PM","5/13/2026 10:01:18 AM","1","0","5/13/2026 10:01:18 AM","0","0","280","","","5/13/2026 2:41:17 PM"
"15368","","5/14/2026 9:54:44 AM","","5","","5/14/2026 1:33:06 PM","5/14/2026 9:54:44 AM","1","0","5/14/2026 9:54:44 AM","0","0","219","","","5/14/2026 1:33:06 PM"
"15381","","5/21/2026 9:07:42 AM","","6","","","5/21/2026 9:07:42 AM","0","-1","5/21/2026 9:07:42 AM","0","0","0","","",""
"15400","","5/21/2026 9:43:15 AM","","5","","5/21/2026 11:28:26 AM","5/21/2026 9:43:15 AM","1","0","5/21/2026 9:43:15 AM","0","0","105","","","5/21/2026 11:28:26 AM"
"15369","","5/26/2026 8:34:52 AM","","5","","5/26/2026 9:21:02 AM","5/26/2026 8:34:52 AM","1","0","5/26/2026 8:34:52 AM","0","0","47","","","5/26/2026 9:21:02 AM"
"15397","","5/26/2026 9:21:45 AM","","5","","5/26/2026 9:34:37 AM","5/26/2026 9:21:45 AM","1","0","5/26/2026 9:21:45 AM","0","0","13","","","5/26/2026 9:34:37 AM"
"15140","","5/26/2026 10:01:59 AM","","5","","5/26/2026 10:53:26 AM","5/26/2026 10:01:59 AM","1","0","5/26/2026 10:01:59 AM","0","0","52","","","5/26/2026 10:53:26 AM"
"15410","","5/29/2026 8:40:38 AM","","6","","","5/29/2026 8:40:38 AM","0","-1","5/29/2026 8:40:38 AM","0","0","0","","",""
"15438","","6/2/2026 11:40:26 AM","","6","","","6/2/2026 11:40:26 AM","0","-1","6/2/2026 11:40:26 AM","0","0","0","","",""
"14302","","6/2/2026 2:23:59 PM","","6","","","6/2/2026 2:23:59 PM","0","-1","6/2/2026 2:23:59 PM","0","0","0","","",""
"15418","","6/3/2026 8:11:56 AM","","6","","","6/3/2026 8:11:56 AM","0","-1","6/3/2026 8:11:56 AM","0","0","0","","",""
"15472","","6/8/2026 1:39:21 PM","","5","","6/8/2026 1:49:13 PM","6/8/2026 1:39:21 PM","1","0","6/8/2026 1:39:21 PM","0","0","10","","","6/8/2026 1:49:13 PM"
"15473","","6/8/2026 1:48:59 PM","","","","","6/8/2026 1:48:59 PM","0","-1","6/8/2026 1:48:59 PM","0","0","0","","",""
"15512","","6/17/2026 4:11:33 PM","","6","","","6/17/2026 4:11:33 PM","0","-1","6/17/2026 4:11:33 PM","0","0","0","","",""
"15506","","6/18/2026 12:02:00 PM","","5","","6/18/2026 4:53:59 PM","6/18/2026 12:02:00 PM","1","0","6/18/2026 12:02:00 PM","0","0","291","","","6/18/2026 4:53:59 PM"
"14794","","6/22/2026 2:44:56 PM","","5","","6/23/2026 8:04:28 AM","6/22/2026 3:11:47 PM","1","0","6/22/2026 3:11:47 PM","27","0","1040","","","6/23/2026 8:04:28 AM"
"14795","","6/23/2026 8:08:55 AM","","5","","6/23/2026 3:58:53 PM","6/29/2026 2:50:48 PM","0","-1","6/23/2026 3:36:45 PM","44","0","66","","","6/23/2026 3:58:53 PM"
"14799","","6/23/2026 3:59:08 PM","","6","","","6/23/2026 3:59:08 PM","0","-1","6/23/2026 3:59:08 PM","0","0","0","","",""
"14801","","6/23/2026 5:48:35 PM","","6","","","6/23/2026 5:48:35 PM","0","-1","6/23/2026 5:48:35 PM","0","0","0","","",""
"15557","","6/24/2026 9:55:34 AM","","6","","","6/24/2026 9:55:34 AM","0","-1","6/24/2026 9:55:34 AM","0","0","0","","",""
"15558","","6/24/2026 1:14:00 PM","","6","","","6/24/2026 1:14:00 PM","0","-1","6/24/2026 1:14:00 PM","0","0","0","","",""
"15568","","6/25/2026 2:12:21 PM","","6","","","6/25/2026 2:12:21 PM","0","-1","6/25/2026 2:12:21 PM","0","0","0","","",""
"15566","","6/25/2026 3:55:14 PM","","6","","","6/25/2026 3:55:14 PM","0","-1","6/25/2026 3:55:14 PM","0","0","0","","",""
"15550","","6/30/2026 3:56:36 PM","","6","","","6/30/2026 3:56:36 PM","0","-1","6/30/2026 3:56:36 PM","0","0","0","","",""
"15165","","7/6/2026 2:15:41 PM","","6","","","7/6/2026 2:15:41 PM","0","-1","7/6/2026 2:15:41 PM","0","0","0","","",""
"15166","","7/6/2026 4:24:55 PM","","6","","","7/6/2026 4:24:55 PM","0","-1","7/6/2026 4:24:55 PM","0","0","0","","",""
