"fab_id","programming_duration","start_time","end_time","programmer","new_end_time","new_start_time","session_start_time","state","active_session","session_start_temp","intermediary","session_duration","old_duration","display_end_date"
"12333","0","6/21/2024 11:03:54 AM","6/21/2024 11:03:57 AM","11","","","7/5/2025 3:47:37 PM","1","0","","","0","0","6/21/2024 11:03:57 AM"
"12164","67","6/24/2024 8:24:15 AM","6/24/2024 9:31:04 AM","10","","","7/5/2025 3:47:39 PM","1","0","","","67","67","6/24/2024 9:31:04 AM"
"11780","31","6/24/2024 9:31:26 AM","6/24/2024 10:02:11 AM","10","","","7/5/2025 3:41:46 PM","1","0","","","31","31","6/24/2024 10:02:11 AM"
"11777","","6/24/2024 10:08:31 AM","","10","","","7/5/2025 3:41:46 PM","1","0","","","0","",""
"12386","47","6/24/2024 10:55:51 AM","6/24/2024 11:42:12 AM","11","","","7/5/2025 3:41:46 PM","1","0","","","47","47","6/24/2024 11:42:12 AM"
"11874","13","6/24/2024 11:37:44 AM","6/24/2024 11:50:32 AM","10","","","7/5/2025 3:41:46 PM","1","0","","","13","13","6/24/2024 11:50:32 AM"
"12357","42","6/25/2024 8:10:53 AM","6/25/2024 8:52:00 AM","11","","","7/5/2025 3:41:46 PM","1","0","","","42","42","6/25/2024 8:52:00 AM"
"12370","26","6/25/2024 8:10:54 AM","6/25/2024 8:36:05 AM","10","","","7/5/2025 3:41:46 PM","1","0","","","26","26","6/25/2024 8:36:05 AM"
"12369","70","6/25/2024 8:51:31 AM","6/25/2024 10:01:24 AM","10","","","7/5/2025 3:41:46 PM","1","0","","","70","70","6/25/2024 10:01:24 AM"
"12356","49","6/25/2024 9:15:36 AM","6/25/2024 10:04:04 AM","11","","","7/5/2025 3:41:46 PM","1","0","","","49","49","6/25/2024 10:04:04 AM"
"11773","47","6/25/2024 11:27:54 AM","6/25/2024 12:14:14 PM","11","","","7/5/2025 3:41:46 PM","1","0","","","47","47","6/25/2024 12:14:14 PM"
"12383","19","6/26/2024 11:18:17 AM","6/26/2024 11:37:05 AM","11","","","7/5/2025 3:41:46 PM","1","0","","","19","19","6/26/2024 11:37:05 AM"
"12335","10","6/26/2024 12:55:02 PM","6/26/2024 1:05:16 PM","10","","","7/5/2025 3:41:46 PM","1","0","","","10","10","6/26/2024 1:05:16 PM"
"12384","40","6/27/2024 8:44:49 AM","6/27/2024 9:24:15 AM","11","","","7/5/2025 3:41:46 PM","1","0","","","40","40","6/27/2024 9:24:15 AM"
"12319","68","6/28/2024 8:54:22 AM","6/28/2024 10:02:57 AM","10","","","7/5/2025 3:41:46 PM","1","0","","","68","68","6/28/2024 10:02:57 AM"
"12408","14","6/28/2024 10:24:37 AM","6/28/2024 10:38:42 AM","10","","","7/5/2025 3:41:46 PM","1","0","","","14","14","6/28/2024 10:38:42 AM"
"12385","27","6/28/2024 10:50:52 AM","6/28/2024 11:17:19 AM","11","","","7/5/2025 3:41:46 PM","1","0","","","27","27","6/28/2024 11:17:19 AM"
"12411","14","6/28/2024 11:14:29 AM","6/28/2024 11:28:47 AM","10","","","7/5/2025 3:41:46 PM","1","0","","","14","14","6/28/2024 11:28:47 AM"
"12405","21","7/1/2024 3:31:11 PM","7/1/2024 3:52:36 PM","10","","","7/5/2025 3:41:46 PM","1","0","","","21","21","7/1/2024 3:52:36 PM"
"11879","12","7/2/2024 9:27:32 AM","7/2/2024 9:39:00 AM","10","","","7/5/2025 3:41:46 PM","1","0","","","12","12","7/2/2024 9:39:00 AM"
"11932","13","7/3/2024 9:20:18 AM","7/3/2024 9:33:06 AM","10","","","7/5/2025 3:41:46 PM","1","0","","","13","13","7/3/2024 9:33:06 AM"
"12432","8","7/3/2024 9:44:55 AM","7/3/2024 9:52:13 AM","","","","7/5/2025 3:41:46 PM","1","0","","","8","8","7/3/2024 9:52:13 AM"
"12393","29","7/3/2024 10:12:50 AM","7/3/2024 10:41:19 AM","10","","","7/5/2025 3:41:46 PM","1","0","","","29","29","7/3/2024 10:41:19 AM"
"12394","20","7/3/2024 10:47:56 AM","7/3/2024 11:07:14 AM","10","","","7/5/2025 3:41:46 PM","1","0","","","20","20","7/3/2024 11:07:14 AM"
"12416","74","7/8/2024 8:28:46 AM","7/8/2024 9:42:26 AM","11","","","7/5/2025 3:41:46 PM","1","0","","","74","74","7/8/2024 9:42:26 AM"
"12200","70","7/8/2024 9:47:37 AM","7/8/2024 10:57:54 AM","11","","","7/5/2025 3:41:46 PM","1","0","","","70","70","7/8/2024 10:57:54 AM"
"12419","12","7/8/2024 10:20:04 AM","7/8/2024 10:32:48 AM","10","","","7/5/2025 3:41:46 PM","1","0","","","12","12","7/8/2024 10:32:48 AM"
"12420","24","7/8/2024 10:39:32 AM","7/8/2024 11:03:57 AM","10","","","7/5/2025 3:41:46 PM","1","0","","","24","24","7/8/2024 11:03:57 AM"
"12380","63","7/8/2024 11:00:52 AM","7/8/2024 12:03:07 PM","11","","","7/5/2025 3:41:46 PM","1","0","","","63","63","7/8/2024 12:03:07 PM"
"12433","40","7/8/2024 11:10:31 AM","7/8/2024 11:50:03 AM","10","","","7/5/2025 3:41:46 PM","1","0","","","40","40","7/8/2024 11:50:03 AM"
"12413","22","7/8/2024 1:51:10 PM","7/8/2024 2:13:29 PM","10","","","7/5/2025 3:41:46 PM","1","0","","","22","22","7/8/2024 2:13:29 PM"
"12069","59","7/9/2024 8:35:57 AM","7/9/2024 9:34:49 AM","11","","","7/5/2025 3:41:46 PM","1","0","","","59","59","7/9/2024 9:34:49 AM"
"12181","33","7/9/2024 8:41:00 AM","7/9/2024 9:14:37 AM","10","","","7/5/2025 3:41:46 PM","1","0","","","33","33","7/9/2024 9:14:37 AM"
"12423","19","7/9/2024 9:43:16 AM","7/9/2024 10:02:42 AM","11","","","7/5/2025 3:41:46 PM","1","0","","","19","19","7/9/2024 10:02:42 AM"
"12427","90","7/10/2024 8:29:53 AM","7/10/2024 9:59:29 AM","11","","","7/5/2025 3:41:46 PM","1","0","","","90","90","7/10/2024 9:59:29 AM"
"12340","16","7/10/2024 2:07:34 PM","7/10/2024 2:23:18 PM","11","","","7/5/2025 3:41:46 PM","1","0","","","16","16","7/10/2024 2:23:18 PM"
"12341","","7/10/2024 2:24:07 PM","","","","","7/5/2025 3:41:46 PM","1","0","","","0","",""
"12488","","7/11/2024 10:42:27 AM","","","","","7/5/2025 3:41:46 PM","1","0","","","0","",""
"12391","25","7/11/2024 11:05:40 AM","7/11/2024 11:30:08 AM","10","","","7/5/2025 3:41:46 PM","1","0","","","25","25","7/11/2024 11:30:08 AM"
"12287","63","7/12/2024 10:25:52 AM","7/12/2024 11:28:40 AM","11","","","7/5/2025 3:41:46 PM","1","0","","","63","63","7/12/2024 11:28:40 AM"
"12428","","7/12/2024 11:42:58 AM","","11","","","7/5/2025 3:41:46 PM","1","0","","","0","",""
"12418","21","7/12/2024 2:50:28 PM","7/12/2024 3:11:56 PM","11","","","7/5/2025 3:41:46 PM","1","0","","","21","21","7/12/2024 3:11:56 PM"
"12355","18","7/15/2024 9:30:28 AM","7/15/2024 9:48:43 AM","10","","","7/5/2025 3:41:46 PM","1","0","","","18","18","7/15/2024 9:48:43 AM"
"12325","11","7/15/2024 1:54:25 PM","7/15/2024 2:05:53 PM","10","","","7/5/2025 3:41:46 PM","1","0","","","11","11","7/15/2024 2:05:53 PM"
"12445","8","7/15/2024 2:18:14 PM","7/15/2024 2:26:02 PM","","","","7/5/2025 3:41:46 PM","1","0","","","8","8","7/15/2024 2:26:02 PM"
"12424","18","7/17/2024 11:52:36 AM","7/17/2024 12:10:47 PM","10","","","7/5/2025 3:41:46 PM","1","0","","","18","18","7/17/2024 12:10:47 PM"
"12426","17","7/17/2024 1:44:48 PM","7/17/2024 2:01:39 PM","10","","","7/5/2025 3:41:46 PM","1","0","","","17","17","7/17/2024 2:01:39 PM"
"12501","7","7/18/2024 9:07:51 AM","7/18/2024 9:14:07 AM","10","","","7/5/2025 3:41:46 PM","1","0","","","7","7","7/18/2024 9:14:07 AM"
"12026","87","7/18/2024 9:27:18 AM","7/18/2024 10:54:14 AM","11","","","7/5/2025 3:41:46 PM","1","0","","","87","87","7/18/2024 10:54:14 AM"
"12462","7","7/18/2024 9:40:11 AM","7/18/2024 9:47:04 AM","10","","","7/5/2025 3:41:46 PM","1","0","","","7","7","7/18/2024 9:47:04 AM"
"12490","15","7/18/2024 9:58:58 AM","7/18/2024 10:13:35 AM","10","","","7/5/2025 3:41:46 PM","1","0","","","15","15","7/18/2024 10:13:35 AM"
"12466","14","7/18/2024 11:02:05 AM","7/18/2024 11:16:56 AM","10","","","7/5/2025 3:41:46 PM","1","0","","","14","14","7/18/2024 11:16:56 AM"
"12329","12","7/22/2024 9:20:50 AM","7/22/2024 9:32:56 AM","10","","","7/5/2025 3:41:46 PM","1","0","","","12","12","7/22/2024 9:32:56 AM"
"12502","21","7/22/2024 10:35:55 AM","7/22/2024 10:56:16 AM","10","","","7/5/2025 3:41:46 PM","1","0","","","21","21","7/22/2024 10:56:16 AM"
"12522","143","7/22/2024 11:19:34 AM","7/22/2024 1:42:59 PM","10","","","7/5/2025 3:41:46 PM","1","0","","","143","143","7/22/2024 1:42:59 PM"
"12439","15","7/22/2024 2:49:22 PM","7/22/2024 3:04:26 PM","10","","","7/5/2025 3:41:46 PM","1","0","","","15","15","7/22/2024 3:04:26 PM"
"12328","13","7/22/2024 3:30:46 PM","7/22/2024 3:43:00 PM","10","","","7/5/2025 3:41:46 PM","1","0","","","13","13","7/22/2024 3:43:00 PM"
"12343","27","7/25/2024 1:36:47 PM","7/25/2024 2:03:47 PM","10","","","7/5/2025 3:41:46 PM","1","0","","","27","27","7/25/2024 2:03:47 PM"
"12071","30","7/26/2024 11:15:57 AM","7/26/2024 11:45:28 AM","10","","","7/5/2025 3:41:46 PM","1","0","","","30","30","7/26/2024 11:45:28 AM"
"12544","20","7/29/2024 11:20:36 AM","7/29/2024 11:40:55 AM","10","","","7/5/2025 3:41:46 PM","1","0","","","20","20","7/29/2024 11:40:55 AM"
"12288","19","7/29/2024 1:53:45 PM","7/29/2024 2:12:42 PM","10","","","7/5/2025 3:41:46 PM","1","0","","","19","19","7/29/2024 2:12:42 PM"
"12381","44","10/8/2024 10:49:04 AM","10/8/2024 11:33:24 AM","10","","","7/5/2025 3:41:46 PM","1","0","","","44","44","10/8/2024 11:33:24 AM"
"12902","23","10/8/2024 1:05:32 PM","10/8/2024 1:28:50 PM","10","","","7/5/2025 3:41:46 PM","1","0","","","23","23","10/8/2024 1:28:50 PM"
"12896","56","10/8/2024 1:40:25 PM","10/8/2024 2:36:55 PM","10","","","7/5/2025 3:41:46 PM","1","0","","","56","56","10/8/2024 2:36:55 PM"
"12947","38","10/9/2024 8:45:43 AM","10/9/2024 9:23:00 AM","10","","","7/5/2025 3:41:46 PM","1","0","","","38","38","10/9/2024 9:23:00 AM"
"12943","51","10/9/2024 9:46:57 AM","10/9/2024 10:37:45 AM","10","","","7/5/2025 3:41:46 PM","1","0","","","51","51","10/9/2024 10:37:45 AM"
"12797","26","10/9/2024 11:08:12 AM","10/9/2024 11:34:00 AM","10","","","7/5/2025 3:41:46 PM","1","0","","","26","26","10/9/2024 11:34:00 AM"
"12798","84","10/9/2024 1:08:52 PM","10/9/2024 2:32:54 PM","10","","","7/5/2025 3:41:46 PM","1","0","","","84","84","10/9/2024 2:32:54 PM"
"12938","20","10/10/2024 2:58:08 PM","10/10/2024 3:18:57 PM","10","","","7/5/2025 3:41:46 PM","1","0","","","20","20","10/10/2024 3:18:57 PM"
"12932","15","10/10/2024 3:29:13 PM","10/10/2024 3:44:15 PM","10","","","7/5/2025 3:41:46 PM","1","0","","","15","15","10/10/2024 3:44:15 PM"
"12929","16","10/11/2024 9:58:19 AM","10/11/2024 10:14:16 AM","10","","","7/5/2025 3:41:46 PM","1","0","","","16","16","10/11/2024 10:14:16 AM"
"12949","7","10/11/2024 11:26:59 AM","10/11/2024 11:33:01 AM","","","","7/5/2025 3:41:46 PM","1","0","","","7","7","10/11/2024 11:33:01 AM"
"12933","42","10/11/2024 2:43:27 PM","10/11/2024 3:25:54 PM","10","","","7/5/2025 3:41:46 PM","1","0","","","42","42","10/11/2024 3:25:54 PM"
"11922","72","10/14/2024 9:44:27 AM","10/14/2024 10:56:45 AM","10","","","7/5/2025 3:41:46 PM","1","0","","","72","72","10/14/2024 10:56:45 AM"
"12855","39","10/14/2024 11:13:38 AM","10/14/2024 11:52:44 AM","10","","","7/5/2025 3:41:46 PM","1","0","","","39","39","10/14/2024 11:52:44 AM"
"12560","123","10/14/2024 1:24:06 PM","10/14/2024 3:27:47 PM","10","","","7/5/2025 3:41:46 PM","1","0","","","123","123","10/14/2024 3:27:47 PM"
"12686","45","10/14/2024 4:23:01 PM","10/14/2024 5:08:46 PM","","","","7/5/2025 3:41:46 PM","1","0","","","45","45","10/14/2024 5:08:46 PM"
"12685","","10/15/2024 8:11:18 AM","","10","","","7/5/2025 3:41:46 PM","1","0","","","0","",""
"12824","16","10/15/2024 12:06:57 PM","10/15/2024 12:22:18 PM","","","","7/5/2025 3:41:46 PM","1","0","","","16","16","10/15/2024 12:22:18 PM"
"12826","12","10/15/2024 12:22:47 PM","10/15/2024 12:34:08 PM","10","","","7/5/2025 3:41:46 PM","1","0","","","12","12","10/15/2024 12:34:08 PM"
"12291","61","10/15/2024 12:45:37 PM","10/15/2024 1:46:45 PM","10","","","7/5/2025 3:41:46 PM","1","0","","","61","61","10/15/2024 1:46:45 PM"
"12930","22","10/16/2024 9:13:32 AM","10/16/2024 9:35:45 AM","10","","","7/5/2025 3:41:46 PM","1","0","","","22","22","10/16/2024 9:35:45 AM"
"12957","58","10/16/2024 9:49:36 AM","10/16/2024 10:47:51 AM","10","","","7/5/2025 3:41:46 PM","1","0","","","58","58","10/16/2024 10:47:51 AM"
"12935","7","10/16/2024 11:30:20 AM","10/16/2024 11:37:11 AM","10","","","7/5/2025 3:41:46 PM","1","0","","","7","7","10/16/2024 11:37:11 AM"
"12563","11","10/17/2024 1:47:58 PM","10/17/2024 1:58:44 PM","10","","","7/5/2025 3:41:46 PM","1","0","","","11","11","10/17/2024 1:58:44 PM"
"12979","7","10/18/2024 8:14:01 AM","10/18/2024 8:21:30 AM","10","","","7/5/2025 3:41:46 PM","1","0","","","7","7","10/18/2024 8:21:30 AM"
"12980","3","10/18/2024 8:27:10 AM","10/18/2024 8:30:44 AM","10","","","7/5/2025 3:41:46 PM","1","0","","","3","3","10/18/2024 8:30:44 AM"
"12981","3","10/18/2024 8:32:57 AM","10/18/2024 8:35:40 AM","10","","","7/5/2025 3:41:46 PM","1","0","","","3","3","10/18/2024 8:35:40 AM"
"12982","4","10/18/2024 8:36:11 AM","10/18/2024 8:40:00 AM","10","","","7/5/2025 3:41:46 PM","1","0","","","4","4","10/18/2024 8:40:00 AM"
"12983","4","10/18/2024 8:45:11 AM","10/18/2024 8:49:39 AM","10","","","7/5/2025 3:41:46 PM","1","0","","","4","4","10/18/2024 8:49:39 AM"
"12984","3","10/18/2024 8:49:26 AM","10/18/2024 8:52:32 AM","10","","","7/5/2025 3:41:46 PM","1","0","","","3","3","10/18/2024 8:52:32 AM"
"12985","2","10/18/2024 8:52:42 AM","10/18/2024 8:54:41 AM","10","","","7/5/2025 3:41:46 PM","1","0","","","2","2","10/18/2024 8:54:41 AM"
"12978","33","10/18/2024 2:08:31 PM","10/18/2024 2:41:56 PM","10","","","7/5/2025 3:41:46 PM","1","0","","","33","33","10/18/2024 2:41:56 PM"
"12545","30","10/18/2024 3:07:07 PM","10/18/2024 3:37:19 PM","10","","","7/5/2025 3:41:46 PM","1","0","","","30","30","10/18/2024 3:37:19 PM"
"12482","54","10/21/2024 11:00:16 AM","10/21/2024 11:54:06 AM","10","","","7/5/2025 3:41:46 PM","1","0","","","54","54","10/21/2024 11:54:06 AM"
"12805","","10/21/2024 3:52:53 PM","","","","","7/5/2025 3:41:46 PM","1","0","","","0","",""
"12597","19","10/22/2024 8:05:21 AM","10/22/2024 8:24:05 AM","10","","","7/5/2025 3:41:46 PM","1","0","","","19","19","10/22/2024 8:24:05 AM"
"12800","11","10/22/2024 8:32:21 AM","10/22/2024 8:43:20 AM","10","","","7/5/2025 3:41:46 PM","1","0","","","11","11","10/22/2024 8:43:20 AM"
"12634","15","10/22/2024 10:02:52 AM","10/22/2024 10:17:46 AM","10","","","7/5/2025 3:41:46 PM","1","0","","","15","15","10/22/2024 10:17:46 AM"
"12561","48","10/22/2024 10:27:54 AM","10/22/2024 11:15:57 AM","","","","7/5/2025 3:41:46 PM","1","0","","","48","48","10/22/2024 11:15:57 AM"
"12851","17","10/24/2024 10:57:08 AM","10/24/2024 11:14:03 AM","10","","","7/5/2025 3:41:46 PM","1","0","","","17","17","10/24/2024 11:14:03 AM"
"12852","","11/5/2024 3:58:49 PM","","6","","","7/5/2025 3:41:46 PM","1","0","","","0","",""
"12766","","11/7/2024 2:25:42 PM","","6","","","7/5/2025 3:41:46 PM","1","0","","","0","",""
"12741","","11/12/2024 2:23:32 PM","","6","","","7/5/2025 3:41:46 PM","1","0","","","0","",""
"13231","","1/6/2025 4:32:54 PM","","6","","","7/5/2025 3:41:46 PM","1","0","","","0","",""
"13331","","1/7/2025 11:53:59 AM","","6","","","7/5/2025 3:41:46 PM","1","0","","","0","",""
"12816","","1/9/2025 10:30:19 AM","","6","","","7/5/2025 3:41:46 PM","1","0","","","0","",""
"12612","","1/9/2025 11:26:35 AM","","6","","","7/5/2025 3:41:46 PM","1","0","","","0","",""
"13286","","1/14/2025 1:44:24 PM","","","","","7/5/2025 3:41:46 PM","1","0","","","0","",""
"13314","","1/14/2025 2:53:15 PM","","","","","7/5/2025 3:41:46 PM","1","0","","","0","",""
"13235","","1/15/2025 2:09:30 PM","","6","","","7/5/2025 3:41:46 PM","1","0","","","0","",""
"13192","59","1/15/2025 2:20:17 PM","1/15/2025 3:19:39 PM","6","","","7/5/2025 3:41:46 PM","1","0","","","59","59","1/15/2025 3:19:39 PM"
"13325","5","1/15/2025 2:27:41 PM","1/15/2025 2:32:58 PM","","","","7/5/2025 3:41:46 PM","1","0","","","5","5","1/15/2025 2:32:58 PM"
"13339","0","1/15/2025 4:24:28 PM","1/15/2025 4:24:42 PM","6","","","7/5/2025 3:41:46 PM","1","0","","","0","0","1/15/2025 4:24:42 PM"
"13350","","1/16/2025 9:44:18 AM","","","","","7/5/2025 3:41:46 PM","1","0","","","0","",""
"13338","","1/16/2025 10:56:57 AM","","","","","7/5/2025 3:41:46 PM","1","0","","","0","",""
"13272","","1/16/2025 11:47:07 AM","","","","","7/5/2025 3:41:46 PM","1","0","","","0","",""
"13263","","1/16/2025 1:38:50 PM","","15","","","7/5/2025 3:41:46 PM","1","0","","","0","",""
"12145","","1/16/2025 2:30:54 PM","","15","","","7/5/2025 3:41:46 PM","1","0","","","0","",""
"12321","","1/17/2025 8:18:55 AM","","15","","","7/5/2025 3:41:46 PM","1","0","","","0","",""
"13177","","1/17/2025 9:55:48 AM","","15","","","7/5/2025 3:41:46 PM","1","0","","","0","",""
"13354","","1/17/2025 4:19:47 PM","","6","","","7/5/2025 3:41:46 PM","1","0","","","0","",""
"13360","","1/17/2025 4:37:31 PM","","6","","","7/5/2025 3:41:46 PM","1","0","","","0","",""
"13262","","1/20/2025 11:26:07 AM","","6","","","7/5/2025 3:41:46 PM","1","0","","","0","",""
"13228","12","1/20/2025 3:35:52 PM","1/20/2025 3:47:13 PM","6","","","7/5/2025 3:41:46 PM","1","0","","","12","12","1/20/2025 3:47:13 PM"
"12611","1853","1/22/2025 8:32:57 AM","1/23/2025 3:25:39 PM","15","","","7/5/2025 3:41:46 PM","1","0","","","1853","1853","1/23/2025 3:25:39 PM"
"13288","","1/22/2025 4:13:11 PM","","","","","7/5/2025 3:41:46 PM","1","0","","","0","",""
"13290","","1/22/2025 4:51:27 PM","","","","","7/5/2025 3:41:46 PM","1","0","","","0","",""
"13289","71","1/23/2025 9:01:15 AM","1/23/2025 10:12:10 AM","6","","","7/5/2025 3:41:46 PM","1","0","","","71","71","1/23/2025 10:12:10 AM"
"13366","0","1/23/2025 10:13:13 AM","1/23/2025 10:13:23 AM","6","","","7/5/2025 3:41:46 PM","1","0","","","0","0","1/23/2025 10:13:23 AM"
"13367","20","1/23/2025 11:09:19 AM","1/23/2025 11:29:41 AM","","","","7/5/2025 3:41:46 PM","1","0","","","20","20","1/23/2025 11:29:41 AM"
"13278","","1/23/2025 3:25:20 PM","","6","","","7/5/2025 3:41:46 PM","1","0","","","0","",""
"13379","","1/28/2025 4:20:20 PM","","","","","7/5/2025 3:41:46 PM","1","0","","","0","",""
"12924","","1/30/2025 1:45:13 PM","","15","","","7/5/2025 3:41:46 PM","1","0","","","0","",""
"12925","","1/30/2025 1:55:34 PM","","","","","7/5/2025 3:41:46 PM","1","0","","","0","",""
"13296","","1/30/2025 1:56:12 PM","","15","","","7/5/2025 3:41:46 PM","1","0","","","0","",""
"13349","","1/30/2025 3:03:14 PM","","15","","","7/5/2025 3:41:46 PM","1","0","","","0","",""
"13295","33","1/30/2025 3:03:34 PM","1/30/2025 3:36:12 PM","6","","","7/5/2025 3:41:46 PM","1","0","","","33","33","1/30/2025 3:36:12 PM"
"13353","33","1/30/2025 3:03:43 PM","1/30/2025 3:36:21 PM","6","","","7/5/2025 3:41:46 PM","1","0","","","33","33","1/30/2025 3:36:21 PM"
"12927","33","1/30/2025 3:03:57 PM","1/30/2025 3:36:27 PM","6","","","7/5/2025 3:41:46 PM","1","0","","","33","33","1/30/2025 3:36:27 PM"
"13197","","1/30/2025 4:46:26 PM","","","","","7/5/2025 3:41:46 PM","1","0","","","0","",""
"12635","116613","1/31/2025 9:50:44 AM","4/22/2025 9:23:50 AM","6","","","7/5/2025 3:41:46 PM","1","0","","","116613","116613","4/22/2025 9:23:50 AM"
"13417","","1/31/2025 3:07:56 PM","","15","","","7/5/2025 3:41:46 PM","1","0","","","0","",""
"13343","","2/3/2025 11:29:02 AM","","","","","7/5/2025 3:41:46 PM","1","0","","","0","",""
"13381","","2/3/2025 11:42:08 AM","","","","","7/5/2025 3:41:46 PM","1","0","","","0","",""
"13344","","2/3/2025 12:13:28 PM","","15","","","7/5/2025 3:41:46 PM","1","0","","","0","",""
"13348","","2/3/2025 12:15:50 PM","","15","","","7/5/2025 3:41:46 PM","1","0","","","0","",""
"13345","","2/3/2025 2:33:55 PM","","15","","","7/5/2025 3:41:46 PM","1","0","","","0","",""
"13346","","2/3/2025 3:01:32 PM","","15","","","7/5/2025 3:41:46 PM","1","0","","","0","",""
"13347","","2/3/2025 4:29:05 PM","","15","","","7/5/2025 3:41:46 PM","1","0","","","0","",""
"12928","","2/4/2025 2:25:19 PM","","15","","","7/5/2025 3:41:46 PM","1","0","","","0","",""
"12718","","2/5/2025 2:24:57 PM","","15","","","7/5/2025 3:41:46 PM","1","0","","","0","",""
"13368","","2/6/2025 2:13:22 PM","","","","","7/5/2025 3:41:46 PM","1","0","","","0","",""
"13320","","2/6/2025 2:19:58 PM","","15","","","7/5/2025 3:41:46 PM","1","0","","","0","",""
"13063","","2/7/2025 10:20:23 AM","","15","","","7/5/2025 3:41:46 PM","1","0","","","0","",""
"13336","","2/7/2025 10:48:41 AM","","15","","","7/5/2025 3:41:46 PM","1","0","","","0","",""
"13374","","2/7/2025 11:22:58 AM","","15","","","7/5/2025 3:41:46 PM","1","0","","","0","",""
"13444","","2/7/2025 12:04:58 PM","","15","","","7/5/2025 3:41:46 PM","1","0","","","0","",""
"13150","","2/10/2025 9:52:14 AM","","15","","","7/5/2025 3:41:46 PM","1","0","","","0","",""
"13334","0","2/11/2025 8:03:22 AM","2/11/2025 8:03:52 AM","15","","","7/5/2025 3:41:46 PM","1","0","","","0","0","2/11/2025 8:03:52 AM"
"13461","110","2/11/2025 2:26:51 PM","2/11/2025 4:16:37 PM","6","","","7/5/2025 3:41:46 PM","1","0","","","110","110","2/11/2025 4:16:37 PM"
"12820","","2/12/2025 9:55:07 AM","","6","","","7/5/2025 3:41:46 PM","1","0","","","0","",""
"13194","","2/12/2025 2:07:38 PM","","15","","","7/5/2025 3:41:46 PM","1","0","","","0","",""
"13195","","2/12/2025 2:07:44 PM","","15","","","7/5/2025 3:41:46 PM","1","0","","","0","",""
"13438","","2/13/2025 2:45:02 PM","","6","","","7/5/2025 3:41:46 PM","1","0","","","0","",""
"12911","108","2/13/2025 2:52:56 PM","2/13/2025 4:40:45 PM","6","","","7/5/2025 3:41:46 PM","1","0","","","108","108","2/13/2025 4:40:45 PM"
"13456","107","2/13/2025 2:53:02 PM","2/13/2025 4:40:50 PM","6","","","7/5/2025 3:41:46 PM","1","0","","","107","107","2/13/2025 4:40:50 PM"
"13414","","2/13/2025 3:53:00 PM","","15","","","7/5/2025 3:41:46 PM","1","0","","","0","",""
"13443","","2/14/2025 2:12:33 PM","","6","","","7/5/2025 3:41:46 PM","1","0","","","0","",""
"13423","","2/17/2025 3:16:02 PM","","15","","","7/5/2025 3:41:46 PM","1","0","","","0","",""
"13424","","2/17/2025 3:16:14 PM","","15","","","7/5/2025 3:41:46 PM","1","0","","","0","",""
"13472","","2/17/2025 3:45:34 PM","","15","","","7/5/2025 3:41:46 PM","1","0","","","0","",""
"13459","12","2/18/2025 3:02:43 PM","2/18/2025 3:14:17 PM","6","","","7/5/2025 3:41:46 PM","1","0","","","12","12","2/18/2025 3:14:17 PM"
"13274","170","2/19/2025 1:37:47 PM","2/19/2025 4:27:11 PM","6","","","7/5/2025 3:41:46 PM","1","0","","","170","170","2/19/2025 4:27:11 PM"
"13508","6","2/25/2025 1:51:33 PM","2/25/2025 1:57:22 PM","6","","","7/5/2025 3:41:46 PM","1","0","","","6","6","2/25/2025 1:57:22 PM"
"12719","","2/25/2025 3:11:45 PM","","15","","","7/5/2025 3:41:46 PM","1","0","","","0","",""
"13240","","2/25/2025 3:29:12 PM","","15","","","7/5/2025 3:41:46 PM","1","0","","","0","",""
"13252","68","2/26/2025 2:10:52 PM","2/26/2025 3:18:04 PM","","","","7/5/2025 3:41:46 PM","1","0","","","68","68","2/26/2025 3:18:04 PM"
"13406","","2/26/2025 3:26:12 PM","","","","","7/5/2025 3:41:46 PM","1","0","","","0","",""
"13529","","2/26/2025 4:49:00 PM","","6","","","7/5/2025 3:41:46 PM","1","0","","","0","",""
"13422","","2/27/2025 8:21:31 AM","","","","","7/5/2025 3:41:46 PM","1","0","","","0","",""
"13482","","2/27/2025 9:02:38 AM","","15","","","7/5/2025 3:41:46 PM","1","0","","","0","",""
"13544","","2/28/2025 9:35:41 AM","","6","","","7/5/2025 3:41:46 PM","1","0","","","0","",""
"13532","","2/28/2025 1:43:00 PM","","15","","","7/5/2025 3:41:46 PM","1","0","","","0","",""
"13505","","3/3/2025 8:46:08 AM","","15","","","7/5/2025 3:41:46 PM","1","0","","","0","",""
"13404","","3/4/2025 1:23:52 PM","","","","","7/5/2025 3:41:46 PM","1","0","","","0","",""
"13198","","3/5/2025 11:53:58 AM","","15","","","7/5/2025 3:41:46 PM","1","0","","","0","",""
"13284","","3/6/2025 11:13:43 AM","","15","","","7/5/2025 3:41:46 PM","1","0","","","0","",""
"13383","","3/6/2025 11:32:07 AM","","15","","","7/5/2025 3:41:46 PM","1","0","","","0","",""
"13547","","3/6/2025 12:28:27 PM","","15","","","7/5/2025 3:41:46 PM","1","0","","","0","",""
"13386","","3/6/2025 2:48:01 PM","","15","","","7/5/2025 3:41:46 PM","1","0","","","0","",""
"13385","","3/6/2025 4:05:03 PM","","15","","","7/5/2025 3:41:46 PM","1","0","","","0","",""
"12956","","3/10/2025 8:47:43 AM","","15","","","7/5/2025 3:41:46 PM","1","0","","","0","",""
"13572","2","3/10/2025 2:53:40 PM","3/10/2025 2:55:03 PM","6","","","7/5/2025 3:41:46 PM","1","0","","","2","2","3/10/2025 2:55:03 PM"
"13539","","3/11/2025 7:45:38 AM","","15","","","7/5/2025 3:41:46 PM","1","0","","","0","",""
"12803","","3/12/2025 8:16:59 AM","","15","","","7/5/2025 3:41:46 PM","1","0","","","0","",""
"13566","","3/12/2025 8:50:31 AM","","15","","","7/5/2025 3:41:46 PM","1","0","","","0","",""
"13568","","3/12/2025 10:00:17 AM","","15","","","7/5/2025 3:41:46 PM","1","0","","","0","",""
"13205","","3/12/2025 10:52:34 AM","","15","","","7/5/2025 3:41:46 PM","1","0","","","0","",""
"12802","","3/13/2025 11:25:33 AM","","15","","","7/5/2025 3:41:46 PM","1","0","","","0","",""
"13474","","3/13/2025 12:21:25 PM","","15","","","7/5/2025 3:41:46 PM","1","0","","","0","",""
"13581","","3/14/2025 11:59:19 AM","","15","","","7/5/2025 3:41:46 PM","1","0","","","0","",""
"13594","","3/14/2025 12:18:05 PM","","15","","","7/5/2025 3:41:46 PM","1","0","","","0","",""
"13534","","3/18/2025 2:27:07 PM","","15","","","7/5/2025 3:41:46 PM","1","0","","","0","",""
"13571","","3/19/2025 11:31:49 AM","","15","","","7/5/2025 3:41:46 PM","1","0","","","0","",""
"12149","","3/19/2025 12:16:04 PM","","15","","","7/5/2025 3:41:46 PM","1","0","","","0","",""
"13579","","3/19/2025 2:57:03 PM","","15","","","7/5/2025 3:41:46 PM","1","0","","","0","",""
"13114","","3/20/2025 8:26:57 AM","","15","","","7/5/2025 3:41:46 PM","1","0","","","0","",""
"13333","0","3/20/2025 9:13:01 AM","3/20/2025 9:13:08 AM","15","","","7/5/2025 3:41:46 PM","1","0","","","0","0","3/20/2025 9:13:08 AM"
"13428","","3/20/2025 10:22:28 AM","","15","","","7/5/2025 3:41:46 PM","1","0","","","0","",""
"13629","","3/20/2025 10:43:35 AM","","15","","","7/5/2025 3:41:46 PM","1","0","","","0","",""
"13476","","3/21/2025 9:31:28 AM","","15","","","7/5/2025 3:41:46 PM","1","0","","","0","",""
"13608","","3/24/2025 10:45:46 AM","","15","","","7/5/2025 3:41:46 PM","1","0","","","0","",""
"13589","","3/25/2025 8:27:17 AM","","15","","","7/5/2025 3:41:46 PM","1","0","","","0","",""
"13399","","3/25/2025 9:48:23 AM","","15","","","7/5/2025 3:41:46 PM","1","0","","","0","",""
"13380","","3/25/2025 11:09:11 AM","","15","","","7/5/2025 3:41:46 PM","1","0","","","0","",""
"13400","","3/26/2025 12:03:58 PM","","15","","","7/5/2025 3:41:46 PM","1","0","","","0","",""
"13416","","3/26/2025 12:25:25 PM","","15","","","7/5/2025 3:41:46 PM","1","0","","","0","",""
"13585","","3/26/2025 1:11:36 PM","","15","","","7/5/2025 3:41:46 PM","1","0","","","0","",""
"13655","10","3/26/2025 3:04:09 PM","3/26/2025 3:14:43 PM","6","","","7/5/2025 3:41:46 PM","1","0","","","10","10","3/26/2025 3:14:43 PM"
"13552","","3/27/2025 10:12:21 AM","","15","","","7/5/2025 3:41:46 PM","1","0","","","0","",""
"13527","","3/27/2025 10:32:13 AM","","15","","","7/5/2025 3:41:46 PM","1","0","","","0","",""
"13425","","3/27/2025 11:21:48 AM","","15","","","7/5/2025 3:41:46 PM","1","0","","","0","",""
"13551","","3/27/2025 2:15:46 PM","","15","","","7/5/2025 3:41:46 PM","1","0","","","0","",""
"13646","","3/28/2025 11:04:58 AM","","15","","","7/5/2025 3:41:46 PM","1","0","","","0","",""
"13644","","3/28/2025 11:59:36 AM","","15","","","7/5/2025 3:41:46 PM","1","0","","","0","",""
"13519","","3/28/2025 12:33:27 PM","","15","","","7/5/2025 3:41:46 PM","1","0","","","0","",""
"13606","","3/28/2025 2:08:24 PM","","6","","","7/5/2025 3:41:46 PM","1","0","","","0","",""
"13590","","3/28/2025 2:08:45 PM","","15","","","7/5/2025 3:41:46 PM","1","0","","","0","",""
"13553","","3/28/2025 2:35:54 PM","","15","","","7/5/2025 3:41:46 PM","1","0","","","0","",""
"13586","","4/1/2025 11:46:25 AM","","15","","","7/5/2025 3:41:46 PM","1","0","","","0","",""
"13554","","4/2/2025 10:16:32 AM","","15","","","7/5/2025 3:41:46 PM","1","0","","","0","",""
"13656","","4/2/2025 10:55:25 AM","","15","","","7/5/2025 3:41:46 PM","1","0","","","0","",""
"13660","","4/3/2025 10:42:19 AM","","15","","","7/5/2025 3:41:46 PM","1","0","","","0","",""
"13662","","4/3/2025 11:28:16 AM","","15","","","7/5/2025 3:41:46 PM","1","0","","","0","",""
"13650","","4/3/2025 12:34:30 PM","","15","","","7/5/2025 3:41:46 PM","1","0","","","0","",""
"13654","","4/3/2025 12:55:52 PM","","15","","","7/5/2025 3:41:46 PM","1","0","","","0","",""
"13682","45","4/4/2025 8:12:22 AM","4/4/2025 8:57:29 AM","6","","","7/5/2025 3:41:46 PM","1","0","","","45","45","4/4/2025 8:57:29 AM"
"13649","","4/4/2025 8:22:24 AM","","15","","","7/5/2025 3:41:46 PM","1","0","","","0","",""
"13669","","4/4/2025 9:08:44 AM","","15","","","7/5/2025 3:41:46 PM","1","0","","","0","",""
"13607","59","4/4/2025 3:14:45 PM","4/4/2025 4:13:40 PM","6","","","7/5/2025 3:41:46 PM","1","0","","","59","59","4/4/2025 4:13:40 PM"
"13643","","4/4/2025 4:14:32 PM","","","","","7/5/2025 3:41:46 PM","1","0","","","0","",""
"13411","","4/7/2025 9:12:48 AM","","15","","","7/5/2025 3:41:46 PM","1","0","","","0","",""
"13647","","4/7/2025 9:50:57 AM","","15","","","7/5/2025 3:41:46 PM","1","0","","","0","",""
"13670","","4/8/2025 11:23:11 AM","","15","","","7/5/2025 3:41:46 PM","1","0","","","0","",""
"13701","","4/8/2025 1:01:12 PM","","15","","","7/5/2025 3:41:46 PM","1","0","","","0","",""
"13294","","4/9/2025 8:46:19 AM","","15","","","7/5/2025 3:41:46 PM","1","0","","","0","",""
"13652","","4/9/2025 9:32:48 AM","","15","","","7/5/2025 3:41:46 PM","1","0","","","0","",""
"13663","","4/10/2025 9:21:37 AM","","15","","","7/5/2025 3:41:46 PM","1","0","","","0","",""
"13679","","4/11/2025 11:54:45 AM","","15","","","7/5/2025 3:41:46 PM","1","0","","","0","",""
"13537","0","4/14/2025 3:38:47 PM","4/14/2025 3:38:54 PM","","","","7/5/2025 3:41:46 PM","1","0","","","0","0","4/14/2025 3:38:54 PM"
"13538","","4/15/2025 3:41:22 PM","","15","","","7/5/2025 3:41:46 PM","1","0","","","0","",""
"13658","","4/16/2025 4:13:06 PM","","6","","","7/5/2025 3:41:46 PM","1","0","","","0","",""
"13161","","4/18/2025 11:56:35 AM","","15","","","7/5/2025 3:41:46 PM","1","0","","","0","",""
"13163","","4/18/2025 12:27:50 PM","","15","","","7/5/2025 3:41:46 PM","1","0","","","0","",""
"13574","","4/18/2025 2:41:42 PM","","15","","","7/5/2025 3:41:46 PM","1","0","","","0","",""
"13499","","4/22/2025 9:31:02 AM","","15","","","7/5/2025 3:41:46 PM","1","0","","","0","",""
"13720","","4/22/2025 10:50:04 AM","","15","","","7/5/2025 3:41:46 PM","1","0","","","0","",""
"13705","","4/22/2025 11:54:16 AM","","15","","","7/5/2025 3:41:46 PM","1","0","","","0","",""
"13736","","4/23/2025 9:16:56 AM","","15","","","7/5/2025 3:41:46 PM","1","0","","","0","",""
"13160","","4/23/2025 9:25:00 AM","","6","","","7/5/2025 3:41:46 PM","1","0","","","0","",""
"13721","","4/23/2025 9:43:59 AM","","15","","","7/5/2025 3:41:46 PM","1","0","","","0","",""
"13715","","4/23/2025 9:56:05 AM","","6","","","7/5/2025 3:41:46 PM","1","0","","","0","",""
"13734","14","4/24/2025 9:15:17 AM","4/24/2025 9:29:17 AM","6","","","7/5/2025 3:41:46 PM","1","0","","","14","14","4/24/2025 9:29:17 AM"
"13504","32","4/24/2025 9:58:23 AM","4/24/2025 10:30:32 AM","6","","","7/5/2025 3:41:46 PM","1","0","","","32","32","4/24/2025 10:30:32 AM"
"13737","1","4/24/2025 10:30:54 AM","4/24/2025 10:31:48 AM","6","","","7/5/2025 3:41:46 PM","1","0","","","1","1","4/24/2025 10:31:48 AM"
"13473","","4/25/2025 1:39:20 PM","","6","","","7/5/2025 3:41:46 PM","1","0","","","0","",""
"13730","19","4/29/2025 8:47:03 AM","4/29/2025 9:06:50 AM","6","","","7/5/2025 3:41:46 PM","1","0","","","19","19","4/29/2025 9:06:50 AM"
"13757","","4/29/2025 2:28:55 PM","","6","","","7/5/2025 3:41:46 PM","1","0","","","0","",""
"13793","","4/29/2025 2:29:05 PM","","6","","","7/5/2025 3:41:46 PM","1","0","","","0","",""
"13761","","4/30/2025 10:25:35 AM","","6","","","7/5/2025 3:41:46 PM","1","0","","","0","",""
"13767","14","4/30/2025 10:59:34 AM","4/30/2025 11:13:54 AM","6","","","7/5/2025 3:41:46 PM","1","0","","","14","14","4/30/2025 11:13:54 AM"
"13762","46","5/1/2025 1:49:27 PM","5/1/2025 2:35:00 PM","6","","","7/5/2025 3:41:46 PM","1","0","","","46","46","5/1/2025 2:35:00 PM"
"13764","50","5/1/2025 2:35:22 PM","5/1/2025 3:25:28 PM","6","","","7/5/2025 3:41:46 PM","1","0","","","50","50","5/1/2025 3:25:28 PM"
"13766","65","5/1/2025 3:25:55 PM","5/1/2025 4:30:35 PM","6","","","7/5/2025 3:41:46 PM","1","0","","","65","65","5/1/2025 4:30:35 PM"
"13489","","5/2/2025 1:54:15 PM","","6","","","7/5/2025 3:41:46 PM","1","0","","","0","",""
"13577","42","5/5/2025 8:06:58 AM","5/5/2025 8:48:04 AM","6","","","7/5/2025 3:41:46 PM","1","0","","","42","42","5/5/2025 8:48:04 AM"
"13578","0","5/5/2025 8:49:01 AM","5/5/2025 8:49:52 AM","6","","","7/5/2025 3:41:46 PM","1","0","","","0","0","5/5/2025 8:49:52 AM"
"13790","19","5/5/2025 9:31:58 AM","5/5/2025 9:50:28 AM","6","","","7/5/2025 3:41:46 PM","1","0","","","19","19","5/5/2025 9:50:28 AM"
"13743","26","5/5/2025 9:50:53 AM","5/5/2025 10:16:34 AM","6","","","7/5/2025 3:41:46 PM","1","0","","","26","26","5/5/2025 10:16:34 AM"
"13791","103","5/7/2025 9:26:41 AM","5/7/2025 11:09:13 AM","6","","","7/5/2025 3:41:46 PM","1","0","","","103","103","5/7/2025 11:09:13 AM"
"13765","100","5/7/2025 12:21:16 PM","5/7/2025 2:01:54 PM","6","","","7/5/2025 3:41:46 PM","1","0","","","100","100","5/7/2025 2:01:54 PM"
"13710","","5/7/2025 2:02:12 PM","","6","","","7/5/2025 3:41:46 PM","1","0","","","0","",""
"13802","","5/7/2025 2:55:36 PM","","6","","","7/5/2025 3:41:46 PM","1","0","","","0","",""
"13808","24","5/8/2025 8:27:05 AM","5/8/2025 8:51:32 AM","6","","","7/5/2025 3:41:46 PM","1","0","","","24","24","5/8/2025 8:51:32 AM"
"13772","","5/8/2025 8:51:38 AM","","6","","","7/5/2025 3:41:46 PM","1","0","","","0","",""
"13821","15","5/8/2025 10:19:31 AM","5/8/2025 10:34:15 AM","6","","","7/5/2025 3:41:46 PM","1","0","","","15","15","5/8/2025 10:34:15 AM"
"13763","","5/9/2025 8:40:56 AM","","6","","","7/5/2025 3:41:46 PM","1","0","","","0","",""
"13137","","5/12/2025 10:19:28 AM","","6","","","7/5/2025 3:41:46 PM","1","0","","","0","",""
"13312","","5/12/2025 10:26:10 AM","","6","","","7/5/2025 3:41:46 PM","1","0","","","0","",""
"13751","9","5/12/2025 2:40:16 PM","5/12/2025 2:49:52 PM","6","","","7/5/2025 3:41:46 PM","1","0","","","9","9","5/12/2025 2:49:52 PM"
"13846","6","5/13/2025 2:45:17 PM","5/13/2025 2:51:09 PM","6","","","7/5/2025 3:41:46 PM","1","0","","","6","6","5/13/2025 2:51:09 PM"
"13455","159","5/14/2025 8:48:56 AM","5/14/2025 11:27:46 AM","6","","","7/5/2025 3:41:46 PM","1","0","","","159","159","5/14/2025 11:27:46 AM"
"13845","","5/15/2025 8:39:28 AM","","15","","","7/5/2025 3:41:46 PM","1","0","","","0","",""
"13844","","5/16/2025 12:00:37 PM","","6","","","7/5/2025 3:41:46 PM","1","0","","","0","",""
"13864","","5/19/2025 10:13:32 AM","","6","","","7/5/2025 3:41:46 PM","1","0","","","0","",""
"13674","","5/27/2025 10:44:45 AM","","15","","","7/5/2025 3:41:46 PM","1","0","","","0","",""
"13879","","5/28/2025 9:49:17 AM","","15","","","7/5/2025 3:41:46 PM","1","0","","","0","",""
"13906","","5/28/2025 10:01:59 AM","","15","","","7/5/2025 3:41:46 PM","1","0","","","0","",""
"13913","119","5/30/2025 11:22:06 AM","5/30/2025 1:21:31 PM","6","","","7/5/2025 3:41:46 PM","1","0","","","119","119","5/30/2025 1:21:31 PM"
"13002","11","5/30/2025 1:28:31 PM","5/30/2025 1:39:09 PM","6","","","7/5/2025 3:41:46 PM","1","0","","","11","11","5/30/2025 1:39:09 PM"
"13895","14","5/30/2025 1:40:30 PM","5/30/2025 1:54:24 PM","6","","","7/5/2025 3:41:46 PM","1","0","","","14","14","5/30/2025 1:54:24 PM"
"13200","","6/4/2025 8:50:13 AM","","6","","","7/5/2025 3:41:46 PM","1","0","","","0","",""
"13834","26","6/4/2025 9:51:55 AM","6/4/2025 10:17:26 AM","6","","","7/5/2025 3:41:46 PM","1","0","","","26","26","6/4/2025 10:17:26 AM"
"13941","","6/5/2025 2:23:37 PM","","15","","","7/5/2025 3:41:46 PM","1","0","","","0","",""
"13914","","6/6/2025 3:37:24 PM","","6","","","7/5/2025 3:41:46 PM","1","0","","","0","",""
"13943","10","6/9/2025 2:44:42 PM","6/9/2025 2:54:39 PM","6","","","7/5/2025 3:41:46 PM","1","0","","","10","10","6/9/2025 2:54:39 PM"
"13135","218","6/11/2025 10:15:53 AM","6/11/2025 1:53:39 PM","6","","","7/5/2025 3:41:46 PM","1","0","","","218","218","6/11/2025 1:53:39 PM"
"13309","217","6/11/2025 10:16:00 AM","6/11/2025 1:53:44 PM","6","","","7/5/2025 3:41:46 PM","1","0","","","217","217","6/11/2025 1:53:44 PM"
"13798","217","6/11/2025 10:16:05 AM","6/11/2025 1:53:49 PM","6","","","7/5/2025 3:41:46 PM","1","0","","","217","217","6/11/2025 1:53:49 PM"
"13799","217","6/11/2025 10:16:12 AM","6/11/2025 1:53:54 PM","6","","","7/5/2025 3:41:46 PM","1","0","","","217","217","6/11/2025 1:53:54 PM"
"13726","","6/11/2025 2:13:43 PM","","6","","","7/5/2025 3:41:46 PM","1","0","","","0","",""
"13918","","6/24/2025 1:30:57 PM","","15","","","7/5/2025 3:41:46 PM","1","0","","","0","",""
"13992","","6/27/2025 11:58:59 AM","","15","","","7/5/2025 3:41:46 PM","1","0","","","0","",""
"13886","88","6/27/2025 3:25:43 PM","6/27/2025 4:53:08 PM","6","","","7/5/2025 3:41:46 PM","1","0","","","88","88","6/27/2025 4:53:08 PM"
"14002","","6/30/2025 2:33:22 PM","","15","","","7/5/2025 3:41:46 PM","1","0","","","0","",""
"14038","","7/2/2025 10:25:56 AM","","15","","","7/5/2025 3:41:46 PM","1","0","","","0","",""
"14075","","7/5/2025 4:16:47 PM","","2","7/5/2025 4:22:24 PM","","7/5/2025 4:21:20 PM","1","0","7/5/2025 4:21:20 PM","3","4","","7/5/2025 4:22:24 PM"
"14006","","7/8/2025 11:31:41 AM","","15","","","7/8/2025 11:31:41 AM","0","-1","7/8/2025 11:31:41 AM","0","0","",""
"13753","","7/14/2025 2:01:35 PM","","15","","","7/14/2025 2:01:35 PM","0","-1","7/14/2025 2:01:35 PM","0","0","",""
"14041","","7/14/2025 2:21:22 PM","","15","","","7/14/2025 2:21:22 PM","0","-1","7/14/2025 2:21:22 PM","0","0","",""
"14135","","7/16/2025 9:58:46 AM","","2","7/16/2025 10:56:30 AM","","7/16/2025 9:58:46 AM","1","0","7/16/2025 9:58:46 AM","0","58","","7/16/2025 10:56:30 AM"
"14074","","7/16/2025 1:20:06 PM","","6","","","7/16/2025 1:20:06 PM","0","-1","7/16/2025 1:20:06 PM","0","0","",""
"14019","","7/16/2025 2:29:53 PM","","","","","7/16/2025 2:29:53 PM","0","-1","7/16/2025 2:29:53 PM","0","0","",""
"14088","","7/18/2025 10:40:14 AM","","15","","","7/18/2025 10:40:14 AM","0","-1","7/18/2025 10:40:14 AM","0","0","",""
"14137","","7/18/2025 2:42:17 PM","","6","","","7/18/2025 2:42:17 PM","0","-1","7/18/2025 2:42:17 PM","0","0","",""
"14049","","7/21/2025 2:16:01 PM","","15","","","7/21/2025 2:16:01 PM","0","-1","7/21/2025 2:16:01 PM","0","0","",""
"13970","","8/8/2025 9:46:02 AM","","15","","","8/8/2025 9:46:02 AM","0","-1","8/8/2025 9:46:02 AM","0","0","",""
"13269","","8/8/2025 10:45:01 AM","","15","","","8/8/2025 10:45:01 AM","0","-1","8/8/2025 10:45:01 AM","0","0","",""
"14171","","8/21/2025 1:13:04 PM","","15","","","8/21/2025 1:13:04 PM","0","-1","8/21/2025 1:13:04 PM","0","0","",""
"14228","","8/21/2025 1:55:47 PM","","15","","","8/21/2025 1:55:47 PM","0","-1","8/21/2025 1:55:47 PM","0","0","",""
"14452","","9/17/2025 9:50:34 PM","","2","9/17/2025 9:50:54 PM","","9/17/2025 9:50:45 PM","1","0","9/17/2025 9:50:45 PM","0","0","","9/17/2025 9:50:54 PM"
"14407","","10/8/2025 8:35:57 AM","","15","","","10/8/2025 8:35:57 AM","0","-1","10/8/2025 8:35:57 AM","0","0","",""
"14262","","10/8/2025 11:14:28 AM","","15","","","10/8/2025 11:14:28 AM","0","-1","10/8/2025 11:14:28 AM","0","0","",""
"14478","","10/9/2025 2:11:28 PM","","15","","","10/9/2025 2:11:28 PM","0","-1","10/9/2025 2:11:28 PM","0","0","",""
"14499","","10/13/2025 8:05:07 AM","","15","","","10/13/2025 8:05:07 AM","0","-1","10/13/2025 8:05:07 AM","0","0","",""
"14239","","10/22/2025 8:47:01 AM","","15","","","10/22/2025 8:47:01 AM","0","-1","10/22/2025 8:47:01 AM","0","0","",""
"14244","","10/22/2025 8:47:08 AM","","15","","","10/22/2025 8:47:08 AM","0","-1","10/22/2025 8:47:08 AM","0","0","",""
"14242","","10/22/2025 9:48:09 AM","","15","","","10/22/2025 9:48:09 AM","0","-1","10/22/2025 9:48:09 AM","0","0","",""
"14520","","10/27/2025 3:58:29 PM","","6","","","10/27/2025 3:58:29 PM","0","-1","10/27/2025 3:58:29 PM","0","0","",""
"13479","","10/28/2025 10:24:00 AM","","","","","10/28/2025 10:24:00 AM","0","-1","10/28/2025 10:24:00 AM","0","0","",""
"14622","","10/28/2025 3:55:13 PM","","","","","10/28/2025 3:55:13 PM","0","-1","10/28/2025 3:55:13 PM","0","0","",""
"14630","","10/29/2025 2:57:42 PM","","6","","","10/29/2025 2:57:42 PM","0","-1","10/29/2025 2:57:42 PM","0","0","",""
"14584","","10/30/2025 8:33:02 AM","","15","","","10/30/2025 8:33:02 AM","0","-1","10/30/2025 8:33:02 AM","0","0","",""
"14309","","10/30/2025 9:56:47 AM","","15","","","10/30/2025 9:56:47 AM","0","-1","10/30/2025 9:56:47 AM","0","0","",""
"13480","","10/31/2025 11:48:27 AM","","6","","","10/31/2025 11:48:27 AM","0","-1","10/31/2025 11:48:27 AM","0","0","",""
"14582","","10/31/2025 3:59:50 PM","","2","11/10/2025 1:56:53 PM","","10/31/2025 3:59:50 PM","1","0","10/31/2025 3:59:50 PM","0","14277","","11/10/2025 1:56:53 PM"
"14469","","11/3/2025 11:49:48 AM","","15","","","11/3/2025 11:49:48 AM","0","-1","11/3/2025 11:49:48 AM","0","0","",""
"14495","","11/4/2025 8:30:31 AM","","","","","11/4/2025 8:30:31 AM","0","-1","11/4/2025 8:30:31 AM","0","0","",""
"14340","","11/4/2025 8:50:03 AM","","15","","","11/4/2025 8:50:03 AM","0","-1","11/4/2025 8:50:03 AM","0","0","",""
"14601","","11/4/2025 1:31:22 PM","","15","","","11/4/2025 1:31:22 PM","0","-1","11/4/2025 1:31:22 PM","0","0","",""
"14587","","11/5/2025 8:53:13 AM","","","","","11/5/2025 8:53:13 AM","0","-1","11/5/2025 8:53:13 AM","0","0","",""
"14028","","11/5/2025 10:03:48 AM","","15","","","11/5/2025 10:03:48 AM","0","-1","11/5/2025 10:03:48 AM","0","0","",""
"14609","","11/10/2025 2:05:16 PM","","15","","","11/10/2025 2:05:16 PM","0","-1","11/10/2025 2:05:16 PM","0","0","",""
"14722","","11/17/2025 1:55:59 PM","","2","11/17/2025 2:08:37 PM","","11/17/2025 1:55:59 PM","1","0","11/17/2025 1:55:59 PM","0","13","","11/17/2025 2:08:37 PM"
"14663","","11/18/2025 10:48:01 AM","","15","","","11/18/2025 10:48:01 AM","0","-1","11/18/2025 10:48:01 AM","0","0","",""
"14765","","11/24/2025 11:33:27 AM","","15","","","11/24/2025 11:33:27 AM","0","-1","11/24/2025 11:33:27 AM","0","0","",""
"14728","","12/3/2025 2:17:06 PM","","6","","","12/3/2025 2:17:06 PM","0","-1","12/3/2025 2:17:06 PM","0","0","",""
"14775","","12/3/2025 2:17:13 PM","","6","","","12/3/2025 2:17:13 PM","0","-1","12/3/2025 2:17:13 PM","0","0","",""
"14699","","12/4/2025 3:26:17 PM","","6","","","12/4/2025 3:26:17 PM","0","-1","12/4/2025 3:26:17 PM","0","0","",""
"14370","","12/4/2025 3:32:15 PM","","2","12/4/2025 3:44:47 PM","","12/4/2025 3:32:15 PM","1","0","12/4/2025 3:32:15 PM","0","12","","12/4/2025 3:44:47 PM"
"14768","","12/4/2025 4:27:04 PM","","6","","","12/4/2025 4:27:04 PM","0","-1","12/4/2025 4:27:04 PM","0","0","",""
"14439","","12/5/2025 10:16:26 AM","","","","","12/5/2025 10:16:26 AM","0","-1","12/5/2025 10:16:26 AM","0","0","",""
"14440","","12/5/2025 1:02:04 PM","","","","","12/5/2025 1:02:04 PM","0","-1","12/5/2025 1:02:04 PM","0","0","",""
"14759","","12/5/2025 3:38:39 PM","","6","","","12/5/2025 3:38:39 PM","0","-1","12/5/2025 3:38:39 PM","0","0","",""
"14655","","12/8/2025 11:32:15 AM","","2","12/8/2025 1:42:05 PM","","12/8/2025 11:32:15 AM","1","0","12/8/2025 11:32:15 AM","0","130","","12/8/2025 1:42:05 PM"
"14657","","12/8/2025 11:32:22 AM","","6","","","12/8/2025 11:32:22 AM","0","-1","12/8/2025 11:32:22 AM","0","0","",""
"14658","","12/8/2025 3:56:55 PM","","6","","","12/8/2025 3:56:55 PM","0","-1","12/8/2025 3:56:55 PM","0","0","",""
"14717","","12/9/2025 10:27:55 AM","","15","","","12/9/2025 10:27:55 AM","0","-1","12/9/2025 10:27:55 AM","0","0","",""
"14773","","12/10/2025 10:13:32 AM","","15","","","12/10/2025 10:13:32 AM","0","-1","12/10/2025 10:13:32 AM","0","0","",""
"14185","","12/12/2025 1:25:36 PM","","6","","","12/12/2025 1:25:36 PM","0","-1","12/12/2025 1:25:36 PM","0","0","",""
"14809","","1/7/2026 9:48:22 AM","","2","1/7/2026 11:14:10 AM","","1/7/2026 9:48:22 AM","1","0","1/7/2026 9:48:22 AM","0","86","","1/7/2026 11:14:10 AM"
"14894","","1/7/2026 11:22:30 AM","","6","","","1/7/2026 11:22:30 AM","0","-1","1/7/2026 11:22:30 AM","0","0","",""
"14816","","1/13/2026 1:55:13 PM","","6","","","1/13/2026 1:55:13 PM","0","-1","1/13/2026 1:55:13 PM","0","0","",""
"15042","","2/25/2026 1:21:18 PM","","15","","","2/25/2026 1:21:18 PM","0","-1","2/25/2026 1:21:18 PM","0","0","",""
"15026","","2/27/2026 2:05:36 PM","","6","","","2/27/2026 2:05:36 PM","0","-1","2/27/2026 2:05:36 PM","0","0","",""
"14298","","2/27/2026 3:37:36 PM","","2","3/12/2026 12:59:05 PM","","3/17/2026 1:12:01 PM","0","-1","2/27/2026 3:37:36 PM","0","18562","","3/12/2026 12:59:05 PM"
"14299","","2/27/2026 3:41:47 PM","","6","","","2/27/2026 3:41:47 PM","0","-1","2/27/2026 3:41:47 PM","0","0","",""
"14927","","3/2/2026 3:50:10 PM","","6","","","3/2/2026 3:50:10 PM","0","-1","3/2/2026 3:50:10 PM","0","0","",""
"14985","","3/3/2026 8:37:23 AM","","6","","","3/3/2026 8:37:23 AM","0","-1","3/3/2026 8:37:23 AM","0","0","",""
"15041","","3/3/2026 9:35:37 AM","","6","","","3/3/2026 9:35:37 AM","0","-1","3/3/2026 9:35:37 AM","0","0","",""
"14300","","3/3/2026 2:51:31 PM","","2","4/27/2026 2:11:06 PM","","4/27/2026 11:18:01 AM","1","0","4/27/2026 11:18:01 AM","78986","79159","","4/27/2026 2:11:06 PM"
"15076","","3/4/2026 8:17:11 AM","","6","","","3/4/2026 8:17:11 AM","0","-1","3/4/2026 8:17:11 AM","0","0","",""
"15034","","3/4/2026 10:42:32 AM","","6","","","3/4/2026 10:42:32 AM","0","-1","3/4/2026 10:42:32 AM","0","0","",""
"14679","","3/4/2026 11:03:22 AM","","6","","","3/4/2026 11:03:22 AM","0","-1","3/4/2026 11:03:22 AM","0","0","",""
"14188","","3/5/2026 2:22:35 PM","","6","","","3/5/2026 2:22:35 PM","0","-1","3/5/2026 2:22:35 PM","0","0","",""
"15073","","3/5/2026 2:23:11 PM","","6","","","3/5/2026 2:23:11 PM","0","-1","3/5/2026 2:23:11 PM","0","0","",""
"15009","","3/6/2026 8:20:09 AM","","6","","","3/6/2026 8:20:09 AM","0","-1","3/6/2026 8:20:09 AM","0","0","",""
"14742","","3/6/2026 10:55:31 AM","","6","","","3/6/2026 10:55:31 AM","0","-1","3/6/2026 10:55:31 AM","0","0","",""
"15021","","3/6/2026 2:18:26 PM","","6","","","3/6/2026 2:18:26 PM","0","-1","3/6/2026 2:18:26 PM","0","0","",""
"14996","","3/9/2026 11:06:34 AM","","2","3/9/2026 11:21:38 AM","","3/9/2026 11:06:34 AM","1","0","3/9/2026 11:06:34 AM","0","15","","3/9/2026 11:21:38 AM"
"14883","","3/9/2026 11:35:57 AM","","6","","","3/9/2026 11:35:57 AM","0","-1","3/9/2026 11:35:57 AM","0","0","",""
"15078","","3/10/2026 10:44:38 AM","","6","","","3/10/2026 10:44:38 AM","0","-1","3/10/2026 10:44:38 AM","0","0","",""
"14829","","3/10/2026 11:44:25 AM","","6","","","3/10/2026 11:44:25 AM","0","-1","3/10/2026 11:44:25 AM","0","0","",""
"15039","","3/10/2026 2:28:39 PM","","6","","","3/10/2026 2:28:39 PM","0","-1","3/10/2026 2:28:39 PM","0","0","",""
"14126","","3/11/2026 10:06:14 AM","","6","","","3/11/2026 10:06:14 AM","0","-1","3/11/2026 10:06:14 AM","0","0","",""
"14984","","3/11/2026 10:06:26 AM","","6","","","3/11/2026 10:06:26 AM","0","-1","3/11/2026 10:06:26 AM","0","0","",""
"15087","","3/11/2026 1:09:59 PM","","6","","","3/11/2026 1:09:59 PM","0","-1","3/11/2026 1:09:59 PM","0","0","",""
"15036","","3/11/2026 4:58:29 PM","","6","","","3/11/2026 4:58:29 PM","0","-1","3/11/2026 4:58:29 PM","0","0","",""
"15098","","3/12/2026 2:04:47 PM","","6","","","3/12/2026 2:04:47 PM","0","-1","3/12/2026 2:04:47 PM","0","0","",""
"15075","","3/12/2026 3:24:24 PM","","6","","","3/12/2026 3:24:24 PM","0","-1","3/12/2026 3:24:24 PM","0","0","",""
"15007","","3/12/2026 3:41:14 PM","","6","","","3/12/2026 3:41:14 PM","0","-1","3/12/2026 3:41:14 PM","0","0","",""
"15082","","3/16/2026 1:14:57 PM","","6","","","3/16/2026 1:14:57 PM","0","-1","3/16/2026 1:14:57 PM","0","0","",""
"15027","","3/16/2026 1:34:00 PM","","2","3/16/2026 1:41:18 PM","","3/16/2026 1:34:00 PM","1","0","3/16/2026 1:34:00 PM","0","7","","3/16/2026 1:41:18 PM"
"15033","","3/16/2026 2:52:02 PM","","6","","","3/16/2026 2:52:02 PM","0","-1","3/16/2026 2:52:02 PM","0","0","",""
"14951","","3/18/2026 8:27:59 AM","","6","","","3/18/2026 8:27:59 AM","0","-1","3/18/2026 8:27:59 AM","0","0","",""
"15108","","3/18/2026 9:52:32 AM","","6","","","3/18/2026 9:52:32 AM","0","-1","3/18/2026 9:52:32 AM","0","0","",""
"15122","","3/18/2026 10:48:13 AM","","6","","","3/18/2026 10:48:13 AM","0","-1","3/18/2026 10:48:13 AM","0","0","",""
"13306","","3/18/2026 11:27:52 AM","","6","","","3/18/2026 11:27:52 AM","0","-1","3/18/2026 11:27:52 AM","0","0","",""
"12062","","3/19/2026 1:18:20 PM","","6","","","3/19/2026 1:18:20 PM","0","-1","3/19/2026 1:18:20 PM","0","0","",""
"14547","","3/20/2026 11:45:14 AM","","6","","","3/20/2026 11:45:14 AM","0","-1","3/20/2026 11:45:14 AM","0","0","",""
"15099","","3/20/2026 12:24:14 PM","","6","","","3/20/2026 12:24:14 PM","0","-1","3/20/2026 12:24:14 PM","0","0","",""
"15038","","3/20/2026 2:07:07 PM","","6","","","3/20/2026 2:07:07 PM","0","-1","3/20/2026 2:07:07 PM","0","0","",""
"15120","","3/20/2026 2:48:52 PM","","2","3/24/2026 2:53:30 PM","","3/20/2026 2:48:52 PM","1","0","3/20/2026 2:48:52 PM","0","5765","","3/24/2026 2:53:30 PM"
"15018","","3/23/2026 9:47:24 AM","","6","","","3/23/2026 9:47:24 AM","0","-1","3/23/2026 9:47:24 AM","0","0","",""
"15110","","3/24/2026 9:59:33 AM","","6","","","3/24/2026 9:59:33 AM","0","-1","3/24/2026 9:59:33 AM","0","0","",""
"14792","","3/24/2026 1:32:41 PM","","6","","","3/24/2026 1:32:41 PM","0","-1","3/24/2026 1:32:41 PM","0","0","",""
"14970","","3/24/2026 1:53:47 PM","","6","","","3/24/2026 1:53:47 PM","0","-1","3/24/2026 1:53:47 PM","0","0","",""
"15080","","3/24/2026 2:07:51 PM","","6","","","3/24/2026 2:07:51 PM","0","-1","3/24/2026 2:07:51 PM","0","0","",""
"13308","","3/24/2026 2:26:51 PM","","6","","","3/24/2026 2:26:51 PM","0","-1","3/24/2026 2:26:51 PM","0","0","",""
"15067","","3/25/2026 1:55:13 PM","","6","","","3/25/2026 1:55:13 PM","0","-1","3/25/2026 1:55:13 PM","0","0","",""
"15135","","3/26/2026 8:13:08 AM","","6","","","3/26/2026 8:13:08 AM","0","-1","3/26/2026 8:13:08 AM","0","0","",""
"15136","","3/26/2026 8:13:14 AM","","6","","","3/26/2026 8:13:14 AM","0","-1","3/26/2026 8:13:14 AM","0","0","",""
"15142","","3/26/2026 3:32:39 PM","","","","","3/26/2026 3:32:39 PM","0","-1","3/26/2026 3:32:39 PM","0","0","",""
"15167","","3/26/2026 4:24:37 PM","","6","","","3/26/2026 4:24:37 PM","0","-1","3/26/2026 4:24:37 PM","0","0","",""
"15180","","3/27/2026 4:06:28 PM","","15","","","3/27/2026 4:06:28 PM","0","-1","3/27/2026 4:06:28 PM","0","0","",""
"15105","","3/30/2026 1:49:47 PM","","6","","","3/30/2026 1:49:47 PM","0","-1","3/30/2026 1:49:47 PM","0","0","",""
"15053","","3/30/2026 2:34:59 PM","","6","","","3/30/2026 2:34:59 PM","0","-1","3/30/2026 2:34:59 PM","0","0","",""
"15181","","3/30/2026 3:00:13 PM","","6","","","3/30/2026 3:00:13 PM","0","-1","3/30/2026 3:00:13 PM","0","0","",""
"15107","","4/2/2026 2:52:49 PM","","2","4/2/2026 3:16:20 PM","","4/2/2026 3:48:13 PM","0","-1","4/2/2026 2:52:49 PM","0","24","","4/2/2026 3:16:20 PM"
"14995","","4/2/2026 3:16:33 PM","","2","4/3/2026 8:54:29 AM","","4/3/2026 8:54:34 AM","0","-1","4/2/2026 3:16:33 PM","0","1058","","4/3/2026 8:54:29 AM"
"15085","","4/3/2026 8:27:50 AM","","","","","4/3/2026 8:27:50 AM","0","-1","4/3/2026 8:27:50 AM","0","0","",""
"15084","","4/3/2026 8:50:25 AM","","15","","","4/3/2026 8:50:25 AM","0","-1","4/3/2026 8:50:25 AM","0","0","",""
"15182","","4/3/2026 9:54:11 AM","","15","","","4/3/2026 9:54:11 AM","0","-1","4/3/2026 9:54:11 AM","0","0","",""
"15185","","4/3/2026 10:25:20 AM","","15","","","4/3/2026 10:25:20 AM","0","-1","4/3/2026 10:25:20 AM","0","0","",""
"15209","","4/3/2026 10:38:23 AM","","2","4/6/2026 1:36:43 PM","","4/6/2026 10:59:07 AM","1","0","4/6/2026 10:59:07 AM","7","164","","4/6/2026 1:36:43 PM"
"14930","","4/3/2026 12:49:41 PM","","6","","","4/3/2026 12:49:41 PM","0","-1","4/3/2026 12:49:41 PM","0","0","",""
"15178","","4/3/2026 12:49:47 PM","","6","","","4/3/2026 12:49:47 PM","0","-1","4/3/2026 12:49:47 PM","0","0","",""
"15210","","4/3/2026 3:03:30 PM","","6","","","4/3/2026 3:03:30 PM","0","-1","4/3/2026 3:03:30 PM","0","0","",""
"15141","","4/3/2026 4:17:52 PM","","2","4/3/2026 4:23:03 PM","","4/3/2026 4:17:52 PM","1","0","4/3/2026 4:17:52 PM","0","6","","4/3/2026 4:23:03 PM"
"15215","","4/6/2026 1:38:08 PM","","2","4/6/2026 1:54:19 PM","","4/6/2026 1:38:08 PM","1","0","4/6/2026 1:38:08 PM","0","16","","4/6/2026 1:54:19 PM"
"14296","","4/6/2026 1:54:29 PM","","2","4/6/2026 2:38:49 PM","","4/6/2026 1:54:29 PM","1","0","4/6/2026 1:54:29 PM","0","44","","4/6/2026 2:38:49 PM"
"15070","","4/6/2026 3:30:25 PM","","2","4/6/2026 4:25:24 PM","","4/6/2026 3:30:25 PM","1","0","4/6/2026 3:30:25 PM","0","55","","4/6/2026 4:25:24 PM"
"15207","","4/6/2026 4:26:45 PM","","2","4/6/2026 4:47:03 PM","","4/6/2026 4:26:45 PM","1","0","4/6/2026 4:26:45 PM","0","21","","4/6/2026 4:47:03 PM"
"15138","","4/6/2026 4:48:00 PM","","6","","","4/6/2026 4:48:00 PM","0","-1","4/6/2026 4:48:00 PM","0","0","",""
"15052","","4/7/2026 8:19:50 AM","","2","4/7/2026 9:04:12 AM","","4/7/2026 8:19:50 AM","1","0","4/7/2026 8:19:50 AM","0","45","","4/7/2026 9:04:12 AM"
"15118","","4/7/2026 9:20:25 AM","","2","4/7/2026 9:57:45 AM","","4/7/2026 9:20:25 AM","1","0","4/7/2026 9:20:25 AM","0","37","","4/7/2026 9:57:45 AM"
"15127","","4/7/2026 10:07:18 AM","","6","","","4/7/2026 10:07:18 AM","0","-1","4/7/2026 10:07:18 AM","0","0","",""
"15196","","4/7/2026 11:27:39 AM","","6","","","4/7/2026 11:27:39 AM","0","-1","4/7/2026 11:27:39 AM","0","0","",""
"14670","","4/9/2026 4:13:44 PM","","2","4/10/2026 9:33:27 AM","","4/9/2026 4:13:44 PM","1","0","4/9/2026 4:13:44 PM","0","1040","","4/10/2026 9:33:27 AM"
"15069","","4/10/2026 8:21:36 AM","","2","4/10/2026 9:04:13 AM","","4/10/2026 8:21:36 AM","1","0","4/10/2026 8:21:36 AM","0","43","","4/10/2026 9:04:13 AM"
"15008","","4/10/2026 10:37:20 AM","","6","","","4/10/2026 10:37:20 AM","0","-1","4/10/2026 10:37:20 AM","0","0","",""
"15217","","4/10/2026 3:41:07 PM","","2","4/10/2026 4:16:24 PM","","4/10/2026 3:41:07 PM","1","0","4/10/2026 3:41:07 PM","0","35","","4/10/2026 4:16:24 PM"
"15264","","4/10/2026 3:45:19 PM","","2","4/10/2026 4:16:21 PM","","4/10/2026 3:45:19 PM","1","0","4/10/2026 3:45:19 PM","0","31","","4/10/2026 4:16:21 PM"
"15242","","4/10/2026 4:19:18 PM","","2","4/10/2026 4:37:15 PM","","4/10/2026 4:19:18 PM","1","0","4/10/2026 4:19:18 PM","0","18","","4/10/2026 4:37:15 PM"
"13013","","4/13/2026 10:36:38 AM","","2","4/13/2026 10:58:41 AM","","4/13/2026 10:36:38 AM","1","0","4/13/2026 10:36:38 AM","0","22","","4/13/2026 10:58:41 AM"
"14696","","4/13/2026 11:04:42 AM","","2","4/29/2026 4:26:56 PM","","4/29/2026 2:29:15 PM","1","0","4/29/2026 2:29:15 PM","18591","18708","","4/29/2026 4:26:56 PM"
"14933","","4/13/2026 1:10:28 PM","","2","4/13/2026 1:16:50 PM","","4/13/2026 1:10:28 PM","1","0","4/13/2026 1:10:28 PM","0","6","","4/13/2026 1:16:50 PM"
"14934","","4/13/2026 1:10:40 PM","","6","","","4/13/2026 1:10:40 PM","0","-1","4/13/2026 1:10:40 PM","0","0","",""
"15157","","4/13/2026 1:59:52 PM","","2","4/13/2026 2:18:31 PM","","4/13/2026 1:59:52 PM","1","0","4/13/2026 1:59:52 PM","0","19","","4/13/2026 2:18:31 PM"
"15247","","4/13/2026 2:19:37 PM","","2","4/13/2026 2:42:19 PM","","4/13/2026 2:19:37 PM","1","0","4/13/2026 2:19:37 PM","0","23","","4/13/2026 2:42:19 PM"
"15154","","4/14/2026 8:19:38 AM","","2","4/14/2026 10:32:32 AM","","4/14/2026 8:19:38 AM","1","0","4/14/2026 8:19:38 AM","0","133","","4/14/2026 10:32:32 AM"
"15155","","4/14/2026 8:19:44 AM","","2","4/14/2026 10:32:40 AM","","4/14/2026 8:19:44 AM","1","0","4/14/2026 8:19:44 AM","0","133","","4/14/2026 10:32:40 AM"
"15219","","4/14/2026 11:00:11 AM","","2","4/14/2026 11:14:12 AM","","4/14/2026 11:00:11 AM","1","0","4/14/2026 11:00:11 AM","0","14","","4/14/2026 11:14:12 AM"
"15153","","4/14/2026 12:45:49 PM","","2","4/14/2026 2:16:47 PM","","4/14/2026 12:45:49 PM","1","0","4/14/2026 12:45:49 PM","0","91","","4/14/2026 2:16:47 PM"
"15006","","4/16/2026 9:58:52 AM","","2","4/16/2026 11:44:45 AM","","4/16/2026 4:10:35 PM","0","-1","4/16/2026 9:58:52 AM","0","106","","4/16/2026 11:44:45 AM"
"15201","","4/16/2026 9:59:12 AM","","2","4/16/2026 11:44:41 AM","","4/16/2026 9:59:12 AM","1","0","4/16/2026 9:59:12 AM","0","105","","4/16/2026 11:44:41 AM"
"13052","","4/17/2026 10:36:03 AM","","6","","","4/17/2026 10:36:03 AM","0","-1","4/17/2026 10:36:03 AM","0","0","",""
"15072","","4/17/2026 10:36:13 AM","","6","","","4/17/2026 10:36:13 AM","0","-1","4/17/2026 10:36:13 AM","0","0","",""
"15243","","4/17/2026 2:22:34 PM","","2","4/17/2026 4:14:09 PM","","4/17/2026 2:22:34 PM","1","0","4/17/2026 2:22:34 PM","0","112","","4/17/2026 4:14:09 PM"
"15160","","4/20/2026 4:16:06 PM","","2","4/20/2026 4:29:29 PM","","4/20/2026 4:16:06 PM","1","0","4/20/2026 4:16:06 PM","0","13","","4/20/2026 4:29:29 PM"
"15269","","4/20/2026 4:33:51 PM","","2","4/20/2026 4:55:44 PM","","4/20/2026 4:33:51 PM","1","0","4/20/2026 4:33:51 PM","0","22","","4/20/2026 4:55:44 PM"
"15299","","4/22/2026 1:02:39 PM","","2","4/23/2026 10:04:02 AM","","4/23/2026 9:38:38 AM","1","0","4/23/2026 9:38:38 AM","15","41","","4/23/2026 10:04:02 AM"
"15218","","4/22/2026 1:17:18 PM","","2","4/22/2026 1:37:43 PM","","4/22/2026 1:17:18 PM","1","0","4/22/2026 1:17:18 PM","0","20","","4/22/2026 1:37:43 PM"
"15232","","4/22/2026 1:43:29 PM","","6","","","4/22/2026 1:43:29 PM","0","-1","4/22/2026 1:43:29 PM","0","0","",""
"14880","","4/22/2026 1:52:25 PM","","6","","","4/22/2026 1:52:25 PM","0","-1","4/22/2026 1:52:25 PM","0","0","",""
"14881","","4/22/2026 3:06:31 PM","","15","","","4/22/2026 3:06:31 PM","0","-1","4/22/2026 3:06:31 PM","0","0","",""
"15281","","4/23/2026 8:40:47 AM","","2","4/23/2026 9:36:24 AM","","4/23/2026 8:40:47 AM","1","0","4/23/2026 8:40:47 AM","0","56","","4/23/2026 9:36:24 AM"
"15267","","4/23/2026 10:12:03 AM","","2","4/24/2026 1:17:19 PM","","4/23/2026 3:15:38 PM","1","0","4/23/2026 3:15:38 PM","36","1358","","4/24/2026 1:17:19 PM"
"15265","","4/23/2026 10:49:12 AM","","2","4/23/2026 3:58:24 PM","","4/23/2026 10:49:12 AM","1","0","4/23/2026 10:49:12 AM","0","309","","4/23/2026 3:58:24 PM"
"15156","","4/24/2026 9:59:19 AM","","6","","","4/24/2026 9:59:19 AM","0","-1","4/24/2026 9:59:19 AM","0","0","",""
"13465","","4/24/2026 11:20:00 AM","","2","4/24/2026 11:27:42 AM","","4/24/2026 4:38:23 PM","0","-1","4/24/2026 11:20:00 AM","0","7","","4/24/2026 11:27:42 AM"
"14821","","4/24/2026 11:27:55 AM","","2","4/24/2026 1:28:20 PM","","4/24/2026 3:12:42 PM","0","-1","4/24/2026 1:20:57 PM","81","89","","4/24/2026 1:28:20 PM"
"15220","","4/24/2026 3:25:44 PM","","2","4/24/2026 3:57:33 PM","","4/24/2026 3:25:44 PM","1","0","4/24/2026 3:25:44 PM","0","32","","4/24/2026 3:57:33 PM"
"15074","","4/28/2026 9:31:25 AM","","2","4/28/2026 2:14:17 PM","","4/28/2026 9:31:25 AM","1","0","4/28/2026 9:31:25 AM","0","283","","4/28/2026 2:14:17 PM"
"15214","","4/28/2026 4:15:05 PM","","6","","","4/28/2026 4:15:05 PM","0","-1","4/28/2026 4:15:05 PM","0","0","",""
"15327","","4/29/2026 1:44:34 PM","","2","4/29/2026 2:02:01 PM","","4/29/2026 1:44:34 PM","1","0","4/29/2026 1:44:34 PM","0","18","","4/29/2026 2:02:01 PM"
"15319","","4/29/2026 2:03:39 PM","","2","4/29/2026 2:21:04 PM","","4/29/2026 2:03:39 PM","1","0","4/29/2026 2:03:39 PM","0","18","","4/29/2026 2:21:04 PM"
"12061","","4/29/2026 2:21:49 PM","","2","4/29/2026 2:28:39 PM","","4/29/2026 2:21:49 PM","1","0","4/29/2026 2:21:49 PM","0","7","","4/29/2026 2:28:39 PM"
"15211","","4/29/2026 4:32:45 PM","","2","4/29/2026 4:55:50 PM","","4/29/2026 4:32:45 PM","1","0","4/29/2026 4:32:45 PM","0","23","","4/29/2026 4:55:50 PM"
"15132","","4/29/2026 4:58:48 PM","","2","4/30/2026 8:59:50 AM","","4/30/2026 10:56:30 AM","0","-1","4/29/2026 4:58:48 PM","0","961","","4/30/2026 8:59:50 AM"
"15326","","4/30/2026 10:59:20 AM","","","","","4/30/2026 10:59:20 AM","0","-1","4/30/2026 10:59:20 AM","0","0","",""
"15337","","4/30/2026 1:45:32 PM","","2","4/30/2026 1:59:53 PM","","4/30/2026 1:45:32 PM","1","0","4/30/2026 1:45:32 PM","0","14","","4/30/2026 1:59:53 PM"
"15100","","4/30/2026 2:07:49 PM","","6","","","4/30/2026 2:07:49 PM","0","-1","4/30/2026 2:07:49 PM","0","0","",""
"15293","","4/30/2026 3:06:58 PM","","","","","4/30/2026 3:06:58 PM","0","-1","4/30/2026 3:06:58 PM","0","0","",""
"15199","","4/30/2026 4:35:00 PM","","6","","","4/30/2026 4:35:00 PM","0","-1","4/30/2026 4:35:00 PM","0","0","",""
"15318","","4/30/2026 4:50:37 PM","","6","","","4/30/2026 4:50:37 PM","0","-1","4/30/2026 4:50:37 PM","0","0","",""
"14276","","5/1/2026 2:10:46 PM","","6","","","5/1/2026 2:10:46 PM","0","-1","5/1/2026 2:10:46 PM","0","0","",""
"14949","","5/1/2026 2:11:25 PM","","2","5/6/2026 11:19:50 AM","","5/1/2026 2:11:25 PM","1","0","5/1/2026 2:11:25 PM","0","7028","","5/6/2026 11:19:50 AM"
"15133","","5/4/2026 2:42:54 PM","","2","5/4/2026 3:49:44 PM","","5/4/2026 2:42:54 PM","1","0","5/4/2026 2:42:54 PM","0","67","","5/4/2026 3:49:44 PM"
"15123","","5/5/2026 10:30:41 AM","","6","","","5/5/2026 10:30:41 AM","0","-1","5/5/2026 10:30:41 AM","0","0","",""
"15090","","5/5/2026 3:32:40 PM","","2","5/5/2026 4:23:32 PM","","5/5/2026 3:32:40 PM","1","0","5/5/2026 3:32:40 PM","0","51","","5/5/2026 4:23:32 PM"
"14938","","5/5/2026 3:44:10 PM","","6","","","5/5/2026 3:44:10 PM","0","-1","5/5/2026 3:44:10 PM","0","0","",""
"15102","","5/5/2026 4:24:53 PM","","6","","","5/5/2026 4:24:53 PM","0","-1","5/5/2026 4:24:53 PM","0","0","",""
"15298","","5/6/2026 9:59:44 AM","","2","5/6/2026 10:30:30 AM","","5/6/2026 9:59:44 AM","1","0","5/6/2026 9:59:44 AM","0","31","","5/6/2026 10:30:30 AM"
"14956","","5/6/2026 10:30:36 AM","","15","","","5/6/2026 10:30:36 AM","0","-1","5/6/2026 10:30:36 AM","0","0","",""
"15257","","5/6/2026 10:36:49 AM","","6","","","5/6/2026 10:36:49 AM","0","-1","5/6/2026 10:36:49 AM","0","0","",""
"15241","","5/6/2026 1:33:48 PM","","6","","","5/6/2026 1:33:48 PM","0","-1","5/6/2026 1:33:48 PM","0","0","",""
"15088","","5/11/2026 10:00:06 AM","","6","","","5/11/2026 10:00:06 AM","0","-1","5/11/2026 10:00:06 AM","0","0","",""
"15296","","5/11/2026 2:33:02 PM","","2","5/11/2026 2:40:30 PM","","5/11/2026 2:33:02 PM","1","0","5/11/2026 2:33:02 PM","0","7","","5/11/2026 2:40:30 PM"
"14785","","5/11/2026 3:10:17 PM","","2","5/11/2026 3:20:53 PM","","5/11/2026 3:10:17 PM","1","0","5/11/2026 3:10:17 PM","0","10","","5/11/2026 3:20:53 PM"
"15352","","5/12/2026 11:41:12 AM","","2","5/12/2026 11:44:59 AM","","5/12/2026 11:41:12 AM","1","0","5/12/2026 11:41:12 AM","0","3","","5/12/2026 11:44:59 AM"
"15284","","5/12/2026 1:01:32 PM","","2","5/12/2026 1:27:30 PM","","5/12/2026 1:01:32 PM","1","0","5/12/2026 1:01:32 PM","0","26","","5/12/2026 1:27:30 PM"
"15361","","5/13/2026 11:23:37 AM","","6","","","5/13/2026 11:23:37 AM","0","-1","5/13/2026 11:23:37 AM","0","0","",""
"15064","","5/13/2026 11:27:23 AM","","2","5/14/2026 8:43:37 AM","","5/14/2026 8:43:41 AM","0","-1","5/13/2026 11:27:23 AM","0","1276","","5/14/2026 8:43:37 AM"
"15350","","5/14/2026 8:34:11 AM","","6","","","5/14/2026 8:34:11 AM","0","-1","5/14/2026 8:34:11 AM","0","0","",""
"14932","","5/14/2026 8:48:12 AM","","","","","5/14/2026 8:48:12 AM","0","-1","5/14/2026 8:48:12 AM","0","0","",""
"14545","","5/14/2026 10:39:58 AM","","6","","","5/14/2026 10:39:58 AM","0","-1","5/14/2026 10:39:58 AM","0","0","",""
"14983","","5/18/2026 11:33:44 AM","","2","5/18/2026 1:35:03 PM","","5/18/2026 4:07:03 PM","0","-1","5/18/2026 11:33:44 AM","0","122","","5/18/2026 1:35:03 PM"
"14110","","5/18/2026 4:08:58 PM","","2","5/18/2026 4:17:06 PM","","5/28/2026 2:23:38 PM","0","-1","5/18/2026 4:08:58 PM","0","9","","5/18/2026 4:17:06 PM"
"15104","","5/18/2026 4:58:44 PM","","6","","","5/18/2026 4:58:44 PM","0","-1","5/18/2026 4:58:44 PM","0","0","",""
"15225","","5/18/2026 5:00:56 PM","","2","5/18/2026 5:03:11 PM","","5/18/2026 5:00:56 PM","1","0","5/18/2026 5:00:56 PM","0","3","","5/18/2026 5:03:11 PM"
"15358","","5/19/2026 12:51:05 PM","","6","","","5/19/2026 12:51:05 PM","0","-1","5/19/2026 12:51:05 PM","0","0","",""
"15101","","5/19/2026 3:15:44 PM","","2","5/20/2026 8:27:18 AM","","5/19/2026 3:15:44 PM","1","0","5/19/2026 3:15:44 PM","0","1032","","5/20/2026 8:27:18 AM"
"14931","","5/20/2026 9:35:04 AM","","2","5/27/2026 9:04:59 AM","","5/27/2026 9:05:05 AM","0","-1","5/20/2026 9:35:04 AM","0","10049","","5/27/2026 9:04:59 AM"
"15393","","5/20/2026 9:38:17 AM","","2","5/28/2026 9:31:57 AM","","5/21/2026 1:35:22 PM","1","0","5/21/2026 1:35:22 PM","12","9848","","5/28/2026 9:31:57 AM"
"14865","","5/20/2026 9:50:46 AM","","6","","","5/20/2026 9:50:46 AM","0","-1","5/20/2026 9:50:46 AM","0","0","",""
"15415","","5/20/2026 10:29:25 AM","","2","5/20/2026 11:52:22 AM","","5/20/2026 10:29:25 AM","1","0","5/20/2026 10:29:25 AM","0","83","","5/20/2026 11:52:22 AM"
"15371","","5/21/2026 10:16:31 AM","","2","5/21/2026 11:39:20 AM","","5/21/2026 10:16:31 AM","1","0","5/21/2026 10:16:31 AM","0","83","","5/21/2026 11:39:20 AM"
"15365","","5/21/2026 2:03:02 PM","","2","5/21/2026 2:04:51 PM","","5/21/2026 3:28:00 PM","0","-1","5/21/2026 2:03:02 PM","0","1","","5/21/2026 2:04:51 PM"
"15372","","5/21/2026 2:04:33 PM","","2","5/21/2026 3:27:45 PM","","6/4/2026 9:17:29 AM","0","-1","5/21/2026 2:04:33 PM","0","83","","5/21/2026 3:27:45 PM"
"15373","","5/21/2026 2:04:44 PM","","2","5/21/2026 3:27:50 PM","","6/4/2026 9:17:24 AM","0","-1","5/21/2026 2:04:44 PM","0","83","","5/21/2026 3:27:50 PM"
"14349","","5/22/2026 4:42:40 PM","","2","5/26/2026 11:01:01 AM","","5/22/2026 4:42:40 PM","1","0","5/22/2026 4:42:40 PM","0","5419","","5/26/2026 11:01:01 AM"
"15307","","5/26/2026 11:00:50 AM","","2","5/26/2026 1:09:34 PM","","5/26/2026 11:00:50 AM","1","0","5/26/2026 11:00:50 AM","0","129","","5/26/2026 1:09:34 PM"
"14789","","5/26/2026 3:51:46 PM","","2","5/26/2026 4:51:50 PM","","5/28/2026 11:29:52 AM","0","-1","5/26/2026 3:51:46 PM","0","60","","5/26/2026 4:51:50 PM"
"14305","","5/28/2026 11:29:43 AM","","6","","","5/28/2026 11:29:43 AM","0","-1","5/28/2026 11:29:43 AM","0","0","",""
"15125","","5/28/2026 11:29:59 AM","","6","","","5/28/2026 11:29:59 AM","0","-1","5/28/2026 11:29:59 AM","0","0","",""
"15427","","5/28/2026 3:33:16 PM","","2","5/28/2026 4:00:45 PM","","5/28/2026 3:33:16 PM","1","0","5/28/2026 3:33:16 PM","0","27","","5/28/2026 4:00:45 PM"
"14820","","5/28/2026 4:01:20 PM","","6","","","5/28/2026 4:01:20 PM","0","-1","5/28/2026 4:01:20 PM","0","0","",""
"15360","","5/28/2026 4:01:30 PM","","6","","","5/28/2026 4:01:30 PM","0","-1","5/28/2026 4:01:30 PM","0","0","",""
"15401","","5/29/2026 2:15:42 PM","","6","","","5/29/2026 2:15:42 PM","0","-1","5/29/2026 2:15:42 PM","0","0","",""
"15406","","5/29/2026 2:15:48 PM","","6","","","5/29/2026 2:15:48 PM","0","-1","5/29/2026 2:15:48 PM","0","0","",""
"15140","","6/3/2026 8:19:20 AM","","15","","","6/3/2026 8:19:20 AM","0","-1","6/3/2026 8:19:20 AM","0","0","",""
"15368","","6/4/2026 9:17:15 AM","","","","","6/4/2026 9:17:15 AM","0","-1","6/4/2026 9:17:15 AM","0","0","",""
"15472","","6/9/2026 10:29:44 AM","","2","6/9/2026 10:54:08 AM","","6/9/2026 10:29:44 AM","1","0","6/9/2026 10:29:44 AM","0","25","","6/9/2026 10:54:08 AM"
